BeginDate,Coal,Hydro,Natural Gas,Nuclear,Oil,Other,Landfill Gas,Refuse,Solar,Wind,Wood
2024-10-02T00:01:52.000-04:00,0,253.0,5721.0,3322.0,0.0,62.0,20.0,343.0,0.0,315.0,52.0
2024-10-02T00:07:37.000-04:00,0,252.0,5799.0,3322.0,0.0,8.0,20.0,335.0,0.0,322.0,52.0
2024-10-02T00:12:40.000-04:00,0,253.0,5796.0,3323.0,0.0,0.0,20.0,338.0,0.0,325.0,50.0
2024-10-02T00:20:02.000-04:00,0,251.0,5677.0,3319.0,0.0,3.0,20.0,341.0,0.0,331.0,52.0
2024-10-02T00:22:13.000-04:00,0,252.0,5689.0,3319.0,0.0,0.0,20.0,342.0,0.0,335.0,51.0
2024-10-02T00:31:09.000-04:00,0,249.0,5936.0,3320.0,0.0,1.0,20.0,339.0,0.0,332.0,49.0
2024-10-02T00:39:10.000-04:00,0,250.0,5755.0,3322.0,0.0,17.0,20.0,338.0,0.0,345.0,50.0
2024-10-02T00:43:00.000-04:00,0,249.0,5713.0,3319.0,0.0,3.0,20.0,336.0,0.0,340.0,51.0
2024-10-02T00:46:46.000-04:00,0,248.0,5674.0,3317.0,0.0,0.0,20.0,338.0,0.0,329.0,51.0
2024-10-02T00:49:43.000-04:00,0,249.0,5633.0,3314.0,0.0,1.0,20.0,340.0,0.0,321.0,50.0
2024-10-02T00:56:06.000-04:00,0,246.0,5655.0,3309.0,0.0,0.0,20.0,348.0,0.0,320.0,51.0
2024-10-02T00:59:21.000-04:00,0,248.0,5652.0,3312.0,0.0,0.0,20.0,350.0,0.0,317.0,50.0
2024-10-02T01:01:23.000-04:00,0,245.0,5644.0,3309.0,0.0,0.0,20.0,349.0,0.0,327.0,50.0
2024-10-02T01:03:40.000-04:00,0,248.0,5659.0,3314.0,0.0,2.0,20.0,348.0,0.0,328.0,51.0
2024-10-02T01:11:22.000-04:00,0,247.0,5691.0,3312.0,0.0,0.0,20.0,344.0,0.0,336.0,50.0
2024-10-02T01:16:00.000-04:00,0,248.0,5698.0,3312.0,0.0,0.0,20.0,346.0,0.0,342.0,50.0
2024-10-02T01:18:54.000-04:00,0,248.0,5698.0,3312.0,0.0,0.0,20.0,346.0,0.0,342.0,50.0
2024-10-02T01:24:45.000-04:00,0,246.0,5617.0,3310.0,0.0,0.0,20.0,343.0,0.0,351.0,50.0
2024-10-02T01:30:31.000-04:00,0,246.0,5503.0,3310.0,0.0,1.0,20.0,335.0,0.0,352.0,51.0
2024-10-02T01:37:50.000-04:00,0,247.0,5645.0,3311.0,0.0,31.0,20.0,340.0,0.0,370.0,51.0
2024-10-02T01:43:00.000-04:00,0,246.0,5667.0,3309.0,0.0,0.0,20.0,343.0,0.0,372.0,51.0
2024-10-02T01:48:42.000-04:00,0,247.0,5665.0,3311.0,0.0,0.0,20.0,342.0,0.0,363.0,51.0
2024-10-02T01:54:32.000-04:00,0,246.0,5637.0,3311.0,0.0,0.0,20.0,331.0,0.0,372.0,51.0
2024-10-02T01:58:52.000-04:00,0,245.0,5722.0,3312.0,0.0,0.0,20.0,340.0,0.0,378.0,50.0
2024-10-02T02:03:39.000-04:00,0,247.0,5577.0,3311.0,0.0,18.0,20.0,342.0,0.0,378.0,50.0
2024-10-02T02:10:41.000-04:00,0,246.0,5512.0,3311.0,0.0,13.0,20.0,343.0,0.0,366.0,51.0
2024-10-02T02:14:10.000-04:00,0,247.0,5517.0,3311.0,0.0,0.0,20.0,345.0,0.0,367.0,51.0
2024-10-02T02:18:14.000-04:00,0,250.0,5472.0,3310.0,0.0,0.0,20.0,339.0,0.0,372.0,50.0
2024-10-02T02:21:47.000-04:00,0,249.0,5448.0,3311.0,0.0,0.0,20.0,331.0,0.0,369.0,51.0
2024-10-02T02:24:07.000-04:00,0,249.0,5415.0,3311.0,0.0,0.0,20.0,331.0,0.0,368.0,51.0
2024-10-02T02:25:10.000-04:00,0,249.0,5402.0,3309.0,0.0,10.0,20.0,332.0,0.0,372.0,50.0
2024-10-02T02:31:41.000-04:00,0,250.0,5456.0,3310.0,0.0,0.0,20.0,343.0,0.0,367.0,51.0
2024-10-02T02:39:36.000-04:00,0,250.0,5462.0,3311.0,0.0,6.0,19.0,336.0,0.0,360.0,51.0
2024-10-02T02:47:10.000-04:00,0,249.0,5388.0,3310.0,0.0,0.0,20.0,335.0,0.0,349.0,52.0
2024-10-02T02:52:44.000-04:00,0,249.0,5382.0,3308.0,0.0,0.0,20.0,338.0,0.0,338.0,51.0
2024-10-02T02:58:54.000-04:00,0,250.0,5341.0,3312.0,0.0,1.0,20.0,335.0,0.0,328.0,51.0
2024-10-02T03:04:28.000-04:00,0,250.0,5370.0,3311.0,0.0,0.0,20.0,337.0,0.0,320.0,51.0
2024-10-02T03:11:45.000-04:00,0,250.0,5334.0,3310.0,0.0,0.0,20.0,341.0,0.0,322.0,50.0
2024-10-02T03:14:42.000-04:00,0,250.0,5372.0,3312.0,0.0,0.0,20.0,339.0,0.0,327.0,50.0
2024-10-02T03:23:24.000-04:00,0,245.0,5368.0,3310.0,0.0,0.0,20.0,342.0,0.0,324.0,49.0
2024-10-02T03:28:31.000-04:00,0,246.0,5378.0,3308.0,0.0,0.0,20.0,339.0,0.0,321.0,51.0
2024-10-02T03:33:28.000-04:00,0,246.0,5376.0,3308.0,0.0,0.0,19.0,333.0,0.0,327.0,50.0
2024-10-02T03:39:01.000-04:00,0,247.0,5338.0,3308.0,0.0,4.0,20.0,329.0,0.0,319.0,51.0
2024-10-02T03:42:30.000-04:00,0,246.0,5335.0,3308.0,0.0,3.0,20.0,332.0,0.0,313.0,50.0
2024-10-02T03:47:51.000-04:00,0,247.0,5370.0,3308.0,0.0,0.0,20.0,338.0,0.0,304.0,50.0
2024-10-02T03:53:32.000-04:00,0,245.0,5414.0,3308.0,0.0,0.0,20.0,343.0,0.0,301.0,50.0
2024-10-02T03:55:44.000-04:00,0,247.0,5392.0,3309.0,0.0,0.0,20.0,341.0,0.0,298.0,51.0
2024-10-02T04:02:43.000-04:00,0,245.0,5484.0,3309.0,0.0,0.0,20.0,340.0,0.0,290.0,50.0
2024-10-02T04:07:19.000-04:00,0,244.0,5508.0,3308.0,0.0,1.0,20.0,343.0,0.0,280.0,51.0
2024-10-02T04:12:04.000-04:00,0,243.0,5555.0,3311.0,0.0,0.0,20.0,345.0,0.0,276.0,50.0
2024-10-02T04:17:19.000-04:00,0,249.0,5598.0,3308.0,0.0,0.0,19.0,341.0,0.0,278.0,50.0
2024-10-02T04:22:43.000-04:00,0,251.0,5597.0,3308.0,0.0,0.0,20.0,341.0,0.0,279.0,50.0
2024-10-02T04:29:07.000-04:00,0,257.0,5595.0,3310.0,0.0,0.0,19.0,342.0,0.0,276.0,50.0
2024-10-02T04:34:13.000-04:00,0,257.0,5611.0,3309.0,0.0,0.0,19.0,342.0,0.0,275.0,51.0
2024-10-02T04:39:29.000-04:00,0,257.0,5620.0,3311.0,0.0,0.0,19.0,344.0,0.0,283.0,51.0
2024-10-02T04:44:00.000-04:00,0,256.0,5599.0,3311.0,0.0,0.0,20.0,339.0,0.0,283.0,52.0
2024-10-02T04:49:07.000-04:00,0,259.0,5602.0,3309.0,0.0,3.0,19.0,337.0,0.0,282.0,52.0
2024-10-02T04:56:23.000-04:00,0,257.0,5643.0,3308.0,0.0,1.0,19.0,340.0,0.0,284.0,51.0
2024-10-02T04:59:06.000-04:00,0,256.0,5653.0,3311.0,0.0,24.0,19.0,330.0,0.0,283.0,51.0
2024-10-02T05:03:46.000-04:00,0,256.0,5913.0,3310.0,0.0,0.0,19.0,328.0,0.0,282.0,52.0
2024-10-02T05:09:44.000-04:00,0,257.0,6121.0,3311.0,0.0,0.0,19.0,315.0,0.0,278.0,52.0
2024-10-02T05:15:35.000-04:00,0,257.0,6259.0,3310.0,0.0,0.0,19.0,306.0,0.0,278.0,53.0
2024-10-02T05:24:27.000-04:00,0,256.0,6352.0,3307.0,0.0,0.0,20.0,312.0,0.0,268.0,53.0
2024-10-02T05:27:08.000-04:00,0,257.0,6358.0,3310.0,0.0,47.0,19.0,310.0,0.0,258.0,54.0
2024-10-02T05:32:27.000-04:00,0,257.0,6337.0,3308.0,0.0,0.0,19.0,312.0,0.0,247.0,54.0
2024-10-02T05:39:31.000-04:00,0,262.0,6565.0,3311.0,0.0,0.0,20.0,318.0,0.0,233.0,53.0
2024-10-02T05:42:39.000-04:00,0,261.0,6604.0,3311.0,0.0,0.0,19.0,316.0,0.0,229.0,53.0
2024-10-02T05:47:37.000-04:00,0,262.0,6711.0,3312.0,0.0,4.0,19.0,316.0,0.0,219.0,53.0
2024-10-02T05:52:23.000-04:00,0,287.0,6849.0,3310.0,0.0,1.0,19.0,319.0,0.0,213.0,53.0
2024-10-02T05:53:43.000-04:00,0,285.0,6880.0,3310.0,0.0,1.0,19.0,316.0,0.0,211.0,54.0
2024-10-02T05:55:50.000-04:00,0,287.0,6901.0,3309.0,0.0,1.0,19.0,315.0,0.0,211.0,54.0
2024-10-02T06:00:16.000-04:00,0,284.0,6648.0,3310.0,0.0,58.0,19.0,322.0,0.0,207.0,53.0
2024-10-02T06:03:47.000-04:00,0,286.0,6814.0,3308.0,0.0,1.0,19.0,319.0,0.0,203.0,53.0
2024-10-02T06:07:18.000-04:00,0,288.0,7018.0,3311.0,0.0,2.0,20.0,315.0,0.0,206.0,53.0
2024-10-02T06:12:42.000-04:00,0,286.0,7219.0,3312.0,0.0,1.0,19.0,316.0,0.0,201.0,53.0
2024-10-02T06:18:30.000-04:00,0,287.0,7270.0,3309.0,0.0,17.0,19.0,313.0,0.0,210.0,53.0
2024-10-02T06:22:34.000-04:00,0,284.0,7456.0,3306.0,0.0,1.0,20.0,304.0,0.0,209.0,53.0
2024-10-02T06:27:19.000-04:00,0,286.0,7490.0,3308.0,0.0,12.0,20.0,311.0,0.0,205.0,53.0
2024-10-02T06:30:42.000-04:00,0,286.0,7490.0,3308.0,0.0,12.0,20.0,311.0,0.0,205.0,53.0
2024-10-02T06:37:18.000-04:00,0,285.0,7762.0,3309.0,0.0,19.0,20.0,307.0,0.0,209.0,53.0
2024-10-02T06:38:48.000-04:00,0,283.0,7748.0,3311.0,0.0,4.0,20.0,306.0,0.0,210.0,53.0
2024-10-02T06:42:38.000-04:00,0,283.0,7748.0,3311.0,0.0,4.0,20.0,306.0,0.0,210.0,53.0
2024-10-02T06:47:29.000-04:00,0,286.0,7967.0,3308.0,0.0,1.0,20.0,301.0,0.0,216.0,54.0
2024-10-02T06:52:29.000-04:00,0,329.0,7915.0,3310.0,0.0,20.0,20.0,308.0,1.0,216.0,53.0
2024-10-02T07:00:38.000-04:00,0,328.0,8169.0,3308.0,0.0,6.0,20.0,312.0,5.0,205.0,53.0
2024-10-02T07:05:36.000-04:00,0,330.0,8342.0,3311.0,0.0,7.0,20.0,308.0,8.0,207.0,55.0
2024-10-02T07:08:21.000-04:00,0,330.0,8372.0,3310.0,0.0,6.0,20.0,310.0,10.0,217.0,55.0
2024-10-02T07:18:49.000-04:00,0,329.0,8492.0,3311.0,0.0,23.0,20.0,313.0,26.0,227.0,54.0
2024-10-02T07:27:15.000-04:00,0,328.0,8556.0,3309.0,0.0,5.0,20.0,312.0,39.0,234.0,54.0
2024-10-02T07:33:38.000-04:00,0,330.0,8547.0,3310.0,0.0,17.0,20.0,316.0,50.0,228.0,55.0
2024-10-02T07:38:07.000-04:00,0,328.0,8534.0,3310.0,0.0,4.0,20.0,319.0,62.0,223.0,53.0
2024-10-02T07:39:38.000-04:00,0,327.0,8528.0,3310.0,0.0,4.0,20.0,324.0,70.0,217.0,53.0
2024-10-02T07:47:39.000-04:00,0,328.0,8451.0,3308.0,0.0,16.0,20.0,312.0,84.0,202.0,54.0
2024-10-02T07:53:33.000-04:00,0,328.0,8418.0,3309.0,0.0,1.0,20.0,317.0,84.0,195.0,54.0
2024-10-02T08:01:09.000-04:00,0,330.0,8366.0,3307.0,0.0,1.0,20.0,317.0,90.0,189.0,55.0
2024-10-02T08:09:17.000-04:00,0,333.0,8307.0,3308.0,0.0,1.0,20.0,314.0,125.0,176.0,48.0
2024-10-02T08:16:07.000-04:00,0,331.0,8317.0,3307.0,0.0,2.0,20.0,309.0,140.0,171.0,47.0
2024-10-02T08:22:43.000-04:00,0,330.0,8249.0,3306.0,0.0,6.0,20.0,305.0,177.0,162.0,47.0
2024-10-02T08:32:06.000-04:00,0,330.0,8249.0,3306.0,0.0,6.0,20.0,305.0,177.0,162.0,47.0
2024-10-02T08:41:33.000-04:00,0,329.0,8128.0,3310.0,0.0,5.0,20.0,319.0,181.0,157.0,48.0
2024-10-02T08:42:30.000-04:00,0,326.0,8103.0,3311.0,0.0,3.0,19.0,302.0,200.0,153.0,49.0
2024-10-02T08:48:58.000-04:00,0,326.0,7953.0,3313.0,0.0,5.0,19.0,311.0,203.0,145.0,48.0
2024-10-02T08:54:43.000-04:00,0,307.0,7997.0,3312.0,0.0,7.0,19.0,312.0,206.0,144.0,49.0
2024-10-02T09:01:05.000-04:00,0,257.0,8000.0,3311.0,0.0,3.0,19.0,303.0,261.0,140.0,48.0
2024-10-02T09:07:42.000-04:00,0,256.0,7868.0,3311.0,0.0,32.0,19.0,307.0,304.0,134.0,49.0
2024-10-02T09:08:32.000-04:00,0,256.0,7868.0,3311.0,0.0,32.0,19.0,307.0,304.0,134.0,49.0
2024-10-02T09:10:13.000-04:00,0,259.0,7813.0,3309.0,0.0,10.0,20.0,307.0,323.0,133.0,49.0
2024-10-02T09:17:35.000-04:00,0,267.0,7720.0,3313.0,0.0,3.0,19.0,309.0,345.0,132.0,49.0
2024-10-02T09:22:08.000-04:00,0,268.0,7584.0,3312.0,0.0,16.0,19.0,310.0,361.0,126.0,49.0
2024-10-02T09:23:24.000-04:00,0,268.0,7584.0,3312.0,0.0,16.0,19.0,310.0,361.0,126.0,49.0
2024-10-02T09:27:42.000-04:00,0,267.0,7682.0,3314.0,0.0,3.0,19.0,306.0,366.0,118.0,49.0
2024-10-02T09:31:13.000-04:00,0,268.0,7617.0,3317.0,0.0,3.0,19.0,310.0,353.0,118.0,50.0
2024-10-02T09:31:21.000-04:00,0,268.0,7617.0,3317.0,0.0,3.0,19.0,310.0,353.0,118.0,50.0
2024-10-02T09:37:00.000-04:00,0,268.0,7673.0,3314.0,0.0,3.0,19.0,307.0,358.0,117.0,47.0
2024-10-02T09:41:38.000-04:00,0,271.0,7585.0,3315.0,0.0,4.0,19.0,311.0,364.0,116.0,46.0
2024-10-02T09:44:18.000-04:00,0,271.0,7585.0,3315.0,0.0,4.0,19.0,311.0,364.0,116.0,46.0
2024-10-02T09:51:42.000-04:00,0,269.0,7527.0,3314.0,0.0,4.0,19.0,310.0,437.0,112.0,47.0
2024-10-02T09:56:52.000-04:00,0,270.0,7537.0,3316.0,0.0,4.0,20.0,309.0,465.0,105.0,47.0
2024-10-02T10:02:38.000-04:00,0,326.0,7732.0,3315.0,0.0,5.0,20.0,317.0,416.0,108.0,47.0
2024-10-02T10:07:19.000-04:00,0,324.0,7761.0,3315.0,0.0,16.0,20.0,316.0,441.0,99.0,48.0
2024-10-02T10:16:11.000-04:00,0,324.0,7775.0,3315.0,0.0,15.0,20.0,310.0,456.0,95.0,49.0
2024-10-02T10:18:49.000-04:00,0,324.0,7775.0,3315.0,0.0,15.0,20.0,310.0,456.0,95.0,49.0
2024-10-02T10:22:48.000-04:00,0,322.0,7612.0,3315.0,0.0,46.0,20.0,311.0,418.0,97.0,49.0
2024-10-02T10:30:53.000-04:00,0,320.0,7689.0,3317.0,0.0,7.0,20.0,305.0,441.0,92.0,48.0
2024-10-02T10:38:43.000-04:00,0,324.0,7631.0,3314.0,0.0,31.0,20.0,308.0,385.0,85.0,49.0
2024-10-02T10:46:01.000-04:00,0,328.0,7661.0,3313.0,0.0,14.0,20.0,308.0,387.0,81.0,52.0
2024-10-02T10:51:49.000-04:00,0,330.0,7626.0,3315.0,0.0,28.0,20.0,310.0,347.0,85.0,53.0
2024-10-02T10:58:03.000-04:00,0,327.0,7673.0,3315.0,0.0,7.0,19.0,310.0,373.0,85.0,53.0
2024-10-02T11:05:04.000-04:00,0,327.0,7673.0,3315.0,0.0,7.0,19.0,310.0,373.0,85.0,53.0
2024-10-02T11:08:20.000-04:00,0,328.0,7615.0,3315.0,0.0,6.0,20.0,311.0,378.0,89.0,54.0
2024-10-02T11:17:09.000-04:00,0,327.0,7581.0,3314.0,0.0,8.0,19.0,312.0,417.0,85.0,53.0
2024-10-02T11:22:43.000-04:00,0,328.0,7537.0,3315.0,0.0,8.0,20.0,309.0,440.0,88.0,53.0
2024-10-02T11:24:40.000-04:00,0,328.0,7537.0,3315.0,0.0,8.0,20.0,309.0,440.0,88.0,53.0
2024-10-02T11:31:10.000-04:00,0,321.0,7455.0,3314.0,0.0,12.0,20.0,308.0,414.0,90.0,53.0
2024-10-02T11:36:59.000-04:00,0,323.0,7524.0,3315.0,0.0,8.0,20.0,311.0,408.0,89.0,53.0
2024-10-02T11:44:09.000-04:00,0,321.0,7504.0,3314.0,0.0,9.0,20.0,316.0,382.0,82.0,55.0
2024-10-02T11:54:36.000-04:00,0,321.0,7573.0,3315.0,0.0,8.0,20.0,321.0,395.0,76.0,55.0
2024-10-02T12:01:10.000-04:00,0,321.0,7771.0,3313.0,0.0,9.0,19.0,320.0,410.0,78.0,55.0
2024-10-02T12:07:24.000-04:00,0,319.0,7817.0,3314.0,0.0,8.0,19.0,321.0,384.0,78.0,55.0
2024-10-02T12:13:42.000-04:00,0,324.0,7767.0,3314.0,0.0,25.0,19.0,318.0,389.0,81.0,56.0
2024-10-02T12:21:59.000-04:00,0,321.0,7745.0,3314.0,0.0,8.0,19.0,313.0,424.0,85.0,55.0
2024-10-02T12:30:36.000-04:00,0,323.0,7723.0,3314.0,0.0,10.0,20.0,305.0,433.0,75.0,55.0
2024-10-02T12:37:05.000-04:00,0,321.0,7741.0,3314.0,0.0,10.0,19.0,304.0,436.0,79.0,54.0
2024-10-02T12:40:41.000-04:00,0,322.0,7743.0,3315.0,0.0,9.0,19.0,305.0,456.0,78.0,56.0
2024-10-02T12:46:13.000-04:00,0,323.0,7695.0,3315.0,0.0,15.0,19.0,305.0,442.0,83.0,55.0
2024-10-02T12:52:56.000-04:00,0,323.0,7643.0,3311.0,0.0,31.0,19.0,309.0,423.0,93.0,54.0
2024-10-02T13:00:50.000-04:00,0,321.0,7689.0,3311.0,0.0,10.0,20.0,302.0,443.0,90.0,55.0
2024-10-02T13:07:31.000-04:00,0,264.0,7675.0,3311.0,0.0,10.0,20.0,317.0,440.0,92.0,55.0
2024-10-02T13:13:51.000-04:00,0,264.0,7711.0,3314.0,0.0,10.0,20.0,319.0,442.0,93.0,55.0
2024-10-02T13:18:38.000-04:00,0,264.0,7711.0,3314.0,0.0,10.0,20.0,319.0,442.0,93.0,55.0
2024-10-02T13:22:06.000-04:00,0,265.0,7946.0,3314.0,0.0,17.0,20.0,310.0,419.0,93.0,55.0
2024-10-02T13:30:26.000-04:00,0,264.0,7999.0,3314.0,0.0,7.0,20.0,312.0,418.0,88.0,55.0
2024-10-02T13:36:42.000-04:00,0,264.0,8031.0,3312.0,0.0,8.0,20.0,314.0,423.0,93.0,55.0
2024-10-02T13:44:50.000-04:00,0,262.0,8039.0,3314.0,0.0,10.0,20.0,311.0,439.0,83.0,56.0
2024-10-02T13:53:03.000-04:00,0,262.0,8020.0,3309.0,0.0,7.0,20.0,306.0,498.0,104.0,55.0
2024-10-02T14:00:09.000-04:00,0,250.0,7894.0,3309.0,0.0,7.0,20.0,309.0,457.0,87.0,54.0
2024-10-02T14:07:19.000-04:00,0,250.0,7925.0,3310.0,0.0,8.0,20.0,308.0,482.0,91.0,55.0
2024-10-02T14:15:31.000-04:00,0,250.0,7853.0,3311.0,0.0,31.0,20.0,313.0,437.0,90.0,55.0
2024-10-02T14:24:56.000-04:00,0,253.0,7891.0,3309.0,0.0,24.0,20.0,313.0,384.0,93.0,54.0
2024-10-02T14:30:49.000-04:00,0,250.0,8022.0,3311.0,0.0,8.0,20.0,313.0,415.0,106.0,55.0
2024-10-02T14:39:30.000-04:00,0,250.0,8026.0,3309.0,0.0,10.0,20.0,314.0,435.0,110.0,53.0
2024-10-02T14:41:32.000-04:00,0,248.0,8067.0,3309.0,0.0,11.0,20.0,308.0,474.0,106.0,53.0
2024-10-02T14:45:05.000-04:00,0,248.0,8067.0,3311.0,0.0,9.0,20.0,313.0,511.0,109.0,54.0
2024-10-02T14:52:43.000-04:00,0,252.0,7955.0,3313.0,0.0,38.0,20.0,306.0,456.0,111.0,53.0
2024-10-02T14:58:10.000-04:00,0,250.0,7937.0,3314.0,0.0,26.0,20.0,309.0,411.0,108.0,51.0
2024-10-02T15:04:11.000-04:00,0,250.0,8032.0,3313.0,0.0,11.0,20.0,309.0,375.0,112.0,51.0
2024-10-02T15:09:16.000-04:00,0,250.0,8062.0,3309.0,0.0,11.0,20.0,311.0,380.0,115.0,51.0
2024-10-02T15:15:53.000-04:00,0,252.0,8043.0,3311.0,0.0,10.0,20.0,313.0,430.0,123.0,52.0
2024-10-02T15:18:53.000-04:00,0,252.0,8043.0,3311.0,0.0,10.0,20.0,313.0,430.0,123.0,52.0
2024-10-02T15:22:06.000-04:00,0,249.0,8092.0,3311.0,0.0,8.0,20.0,316.0,380.0,127.0,52.0
2024-10-02T15:29:46.000-04:00,0,250.0,8162.0,3313.0,0.0,9.0,20.0,320.0,374.0,121.0,52.0
2024-10-02T15:37:01.000-04:00,0,251.0,8207.0,3310.0,0.0,13.0,20.0,313.0,352.0,130.0,52.0
2024-10-02T15:37:20.000-04:00,0,251.0,8207.0,3310.0,0.0,13.0,20.0,313.0,352.0,130.0,52.0
2024-10-02T15:40:54.000-04:00,0,251.0,8276.0,3312.0,0.0,34.0,20.0,313.0,311.0,122.0,52.0
2024-10-02T15:43:33.000-04:00,0,253.0,8305.0,3311.0,0.0,23.0,20.0,314.0,319.0,136.0,52.0
2024-10-02T15:46:52.000-04:00,0,254.0,8343.0,3313.0,0.0,18.0,20.0,313.0,300.0,137.0,52.0
2024-10-02T15:49:48.000-04:00,0,278.0,8370.0,3311.0,0.0,8.0,20.0,311.0,312.0,142.0,52.0
2024-10-02T15:54:45.000-04:00,0,621.0,8323.0,3309.0,0.0,7.0,20.0,308.0,317.0,142.0,52.0
2024-10-02T15:56:45.000-04:00,0,656.0,8314.0,3308.0,0.0,7.0,20.0,308.0,298.0,143.0,53.0
2024-10-02T15:59:53.000-04:00,0,665.0,8044.0,3309.0,0.0,67.0,20.0,310.0,288.0,142.0,51.0
2024-10-02T16:03:05.000-04:00,0,987.0,7921.0,3309.0,0.0,7.0,20.0,312.0,283.0,143.0,52.0
2024-10-02T16:11:30.000-04:00,0,992.0,7971.0,3311.0,0.0,6.0,20.0,316.0,291.0,148.0,52.0
2024-10-02T16:17:07.000-04:00,0,995.0,8168.0,3314.0,0.0,20.0,20.0,311.0,284.0,144.0,51.0
2024-10-02T16:18:58.000-04:00,0,995.0,8168.0,3314.0,0.0,20.0,20.0,311.0,284.0,144.0,51.0
2024-10-02T16:22:54.000-04:00,0,991.0,8288.0,3311.0,0.0,12.0,20.0,310.0,295.0,142.0,50.0
2024-10-02T16:29:38.000-04:00,0,989.0,8401.0,3309.0,0.0,6.0,20.0,308.0,244.0,142.0,51.0
2024-10-02T16:37:37.000-04:00,0,990.0,8460.0,3313.0,0.0,23.0,20.0,315.0,233.0,146.0,53.0
2024-10-02T16:40:25.000-04:00,0,993.0,8457.0,3310.0,0.0,23.0,20.0,317.0,224.0,136.0,54.0
2024-10-02T16:46:02.000-04:00,0,988.0,8480.0,3313.0,0.0,6.0,20.0,313.0,212.0,133.0,52.0
2024-10-02T16:53:10.000-04:00,0,1074.0,8471.0,3313.0,0.0,8.0,20.0,310.0,165.0,122.0,54.0
2024-10-02T17:00:03.000-04:00,0,1136.0,8467.0,3311.0,0.0,7.0,20.0,310.0,145.0,126.0,54.0
2024-10-02T17:09:37.000-04:00,0,1326.0,8532.0,3310.0,0.0,10.0,20.0,314.0,112.0,116.0,56.0
2024-10-02T17:17:35.000-04:00,0,1356.0,8550.0,3311.0,0.0,4.0,20.0,310.0,91.0,129.0,57.0
2024-10-02T17:23:33.000-04:00,0,1376.0,8553.0,3311.0,0.0,4.0,20.0,308.0,82.0,119.0,58.0
2024-10-02T17:32:20.000-04:00,0,1460.0,8552.0,3309.0,0.0,2.0,20.0,309.0,68.0,114.0,59.0
2024-10-02T17:39:07.000-04:00,0,1585.0,8558.0,3310.0,0.0,3.0,19.0,313.0,56.0,109.0,60.0
2024-10-02T17:46:58.000-04:00,0,1604.0,8559.0,3312.0,0.0,6.0,17.0,307.0,43.0,93.0,61.0
2024-10-02T17:52:44.000-04:00,0,1602.0,8614.0,3309.0,0.0,21.0,18.0,311.0,31.0,86.0,61.0
2024-10-02T18:00:57.000-04:00,0,1661.0,8626.0,3313.0,0.0,26.0,18.0,314.0,19.0,96.0,62.0
2024-10-02T18:04:56.000-04:00,0,1694.0,8615.0,3309.0,0.0,19.0,19.0,316.0,15.0,96.0,64.0
2024-10-02T18:08:31.000-04:00,0,1710.0,8588.0,3312.0,0.0,21.0,19.0,318.0,11.0,91.0,64.0
2024-10-02T18:16:24.000-04:00,0,1818.0,8510.0,3312.0,0.0,32.0,19.0,312.0,4.0,98.0,63.0
2024-10-02T18:24:27.000-04:00,0,1818.0,8501.0,3311.0,0.0,44.0,19.0,309.0,2.0,101.0,64.0
2024-10-02T18:33:12.000-04:00,0,1815.0,8537.0,3312.0,0.0,39.0,20.0,309.0,2.0,110.0,66.0
2024-10-02T18:34:44.000-04:00,0,1813.0,8548.0,3312.0,0.0,48.0,20.0,307.0,2.0,111.0,65.0
2024-10-02T18:36:05.000-04:00,0,1813.0,8548.0,3312.0,0.0,48.0,20.0,307.0,2.0,111.0,65.0
2024-10-02T18:41:54.000-04:00,0,1922.0,8592.0,3311.0,0.0,23.0,20.0,312.0,2.0,115.0,65.0
2024-10-02T18:47:56.000-04:00,0,1916.0,8605.0,3311.0,0.0,22.0,20.0,309.0,2.0,126.0,63.0
2024-10-02T18:52:44.000-04:00,0,1949.0,8688.0,3311.0,0.0,18.0,20.0,313.0,2.0,138.0,64.0
2024-10-02T19:00:54.000-04:00,0,1994.0,8699.0,3311.0,0.0,19.0,20.0,315.0,2.0,145.0,65.0
2024-10-02T19:08:59.000-04:00,0,1925.0,8700.0,3309.0,0.0,27.0,20.0,315.0,1.0,147.0,66.0
2024-10-02T19:09:28.000-04:00,0,1925.0,8700.0,3309.0,0.0,27.0,20.0,315.0,1.0,147.0,66.0
2024-10-02T19:18:38.000-04:00,0,1883.0,8655.0,3311.0,0.0,15.0,20.0,314.0,1.0,153.0,63.0
2024-10-02T19:24:57.000-04:00,0,1746.0,8657.0,3310.0,0.0,22.0,20.0,319.0,1.0,163.0,63.0
2024-10-02T19:37:47.000-04:00,0,1614.0,8691.0,3310.0,0.0,13.0,20.0,319.0,1.0,193.0,64.0
2024-10-02T19:39:51.000-04:00,0,1619.0,8693.0,3310.0,0.0,14.0,20.0,318.0,1.0,197.0,65.0
2024-10-02T19:51:12.000-04:00,0,1586.0,8646.0,3310.0,0.0,19.0,20.0,315.0,1.0,210.0,63.0
2024-10-02T19:58:23.000-04:00,0,1388.0,8702.0,3312.0,0.0,9.0,20.0,310.0,1.0,218.0,63.0
2024-10-02T20:07:59.000-04:00,0,1259.0,8679.0,3310.0,0.0,5.0,20.0,312.0,0.0,235.0,64.0
2024-10-02T20:10:53.000-04:00,0,1267.0,8682.0,3309.0,0.0,5.0,20.0,313.0,0.0,234.0,63.0
2024-10-02T20:20:15.000-04:00,0,919.0,8517.0,3309.0,0.0,5.0,20.0,307.0,0.0,238.0,63.0
2024-10-02T20:23:14.000-04:00,0,914.0,8499.0,3307.0,0.0,5.0,20.0,304.0,0.0,236.0,62.0
2024-10-02T20:31:44.000-04:00,0,787.0,8526.0,3311.0,0.0,7.0,20.0,315.0,0.0,247.0,63.0
2024-10-02T20:36:34.000-04:00,0,786.0,8483.0,3308.0,0.0,6.0,20.0,313.0,0.0,251.0,61.0
2024-10-02T20:45:05.000-04:00,0,566.0,8410.0,3306.0,0.0,11.0,20.0,316.0,0.0,259.0,62.0
2024-10-02T20:52:47.000-04:00,0,566.0,8326.0,3308.0,0.0,4.0,20.0,306.0,0.0,257.0,60.0
2024-10-02T20:55:13.000-04:00,0,566.0,8326.0,3308.0,0.0,4.0,20.0,306.0,0.0,257.0,60.0
2024-10-02T21:00:37.000-04:00,0,438.0,8313.0,3308.0,0.0,9.0,20.0,309.0,0.0,265.0,58.0
2024-10-02T21:03:12.000-04:00,0,431.0,8274.0,3307.0,0.0,11.0,20.0,311.0,0.0,272.0,59.0
2024-10-02T21:11:16.000-04:00,0,430.0,8162.0,3306.0,0.0,20.0,20.0,313.0,0.0,268.0,59.0
2024-10-02T21:19:28.000-04:00,0,286.0,8269.0,3306.0,0.0,0.0,20.0,311.0,0.0,275.0,56.0
2024-10-02T21:30:02.000-04:00,0,256.0,8214.0,3309.0,0.0,4.0,20.0,317.0,0.0,282.0,55.0
2024-10-02T21:37:01.000-04:00,0,252.0,8252.0,3308.0,0.0,0.0,20.0,313.0,0.0,291.0,54.0
2024-10-02T21:43:06.000-04:00,0,253.0,8200.0,3311.0,0.0,0.0,20.0,308.0,0.0,301.0,54.0
2024-10-02T21:53:30.000-04:00,0,257.0,8108.0,3313.0,0.0,0.0,20.0,318.0,0.0,282.0,54.0
2024-10-02T21:57:00.000-04:00,0,257.0,8131.0,3310.0,0.0,0.0,20.0,314.0,0.0,283.0,54.0
2024-10-02T22:04:36.000-04:00,0,394.0,7586.0,3311.0,0.0,19.0,20.0,303.0,0.0,293.0,54.0
2024-10-02T22:08:28.000-04:00,0,390.0,7523.0,3310.0,0.0,0.0,20.0,317.0,0.0,299.0,54.0
2024-10-02T22:14:54.000-04:00,0,390.0,7116.0,3311.0,0.0,17.0,20.0,316.0,0.0,303.0,53.0
2024-10-02T22:15:38.000-04:00,0,390.0,7071.0,3313.0,0.0,29.0,20.0,314.0,0.0,300.0,53.0
2024-10-02T22:16:23.000-04:00,0,390.0,7071.0,3313.0,0.0,29.0,20.0,314.0,0.0,300.0,53.0
2024-10-02T22:24:34.000-04:00,0,392.0,6915.0,3313.0,0.0,0.0,20.0,311.0,0.0,296.0,52.0
2024-10-02T22:28:50.000-04:00,0,391.0,6747.0,3311.0,0.0,29.0,20.0,310.0,0.0,301.0,53.0
2024-10-02T22:35:46.000-04:00,0,390.0,6899.0,3311.0,0.0,0.0,20.0,319.0,0.0,297.0,51.0
2024-10-02T22:39:13.000-04:00,0,392.0,6738.0,3310.0,0.0,0.0,20.0,320.0,0.0,298.0,51.0
2024-10-02T22:43:35.000-04:00,0,389.0,6503.0,3310.0,0.0,24.0,20.0,316.0,0.0,296.0,51.0
2024-10-02T22:48:01.000-04:00,0,390.0,6313.0,3312.0,0.0,52.0,20.0,313.0,0.0,302.0,51.0
2024-10-02T22:49:49.000-04:00,0,388.0,6317.0,3312.0,0.0,22.0,20.0,312.0,0.0,296.0,51.0
2024-10-02T22:54:10.000-04:00,0,390.0,6519.0,3311.0,0.0,0.0,20.0,313.0,0.0,288.0,52.0
2024-10-02T23:05:23.000-04:00,0,391.0,6251.0,3309.0,0.0,0.0,20.0,306.0,0.0,294.0,52.0
2024-10-02T23:08:29.000-04:00,0,388.0,6082.0,3309.0,0.0,0.0,20.0,304.0,0.0,298.0,52.0
2024-10-02T23:19:19.000-04:00,0,258.0,6091.0,3310.0,0.0,0.0,20.0,312.0,0.0,298.0,52.0
2024-10-02T23:27:40.000-04:00,0,261.0,5985.0,3310.0,0.0,0.0,20.0,313.0,0.0,286.0,51.0
2024-10-02T23:38:51.000-04:00,0,261.0,5857.0,3309.0,0.0,14.0,20.0,316.0,0.0,286.0,52.0
2024-10-02T23:44:18.000-04:00,0,259.0,5706.0,3310.0,0.0,14.0,20.0,314.0,0.0,292.0,53.0
2024-10-02T23:55:38.000-04:00,0,259.0,5596.0,3310.0,0.0,0.0,20.0,316.0,0.0,293.0,53.0
2024-10-03T00:05:20.000-04:00,0,245.0,5759.0,3312.0,0.0,0.0,20.0,309.0,0.0,286.0,51.0
2024-10-03T00:11:51.000-04:00,0,244.0,5701.0,3312.0,0.0,0.0,20.0,313.0,0.0,285.0,51.0
2024-10-03T00:18:53.000-04:00,0,242.0,5339.0,3312.0,0.0,38.0,20.0,316.0,0.0,276.0,51.0
2024-10-03T00:19:02.000-04:00,0,242.0,5339.0,3312.0,0.0,38.0,20.0,316.0,0.0,276.0,51.0
2024-10-03T00:25:43.000-04:00,0,244.0,5443.0,3312.0,0.0,0.0,20.0,315.0,0.0,266.0,50.0
2024-10-03T00:34:13.000-04:00,0,242.0,5263.0,3308.0,0.0,0.0,20.0,317.0,0.0,256.0,49.0
2024-10-03T00:34:32.000-04:00,0,242.0,5263.0,3308.0,0.0,0.0,20.0,317.0,0.0,256.0,49.0
2024-10-03T00:41:59.000-04:00,0,242.0,5170.0,3312.0,0.0,0.0,20.0,313.0,0.0,249.0,51.0
2024-10-03T00:45:10.000-04:00,0,242.0,5147.0,3310.0,0.0,2.0,20.0,315.0,0.0,245.0,51.0
2024-10-03T00:54:24.000-04:00,0,241.0,5138.0,3312.0,0.0,0.0,20.0,315.0,0.0,239.0,50.0
2024-10-03T01:01:28.000-04:00,0,242.0,5192.0,3313.0,0.0,0.0,20.0,309.0,0.0,239.0,51.0
2024-10-03T01:04:27.000-04:00,0,242.0,5295.0,3305.0,0.0,0.0,20.0,313.0,0.0,235.0,51.0
2024-10-03T01:05:16.000-04:00,0,242.0,5295.0,3305.0,0.0,0.0,20.0,313.0,0.0,235.0,51.0
2024-10-03T01:10:15.000-04:00,0,242.0,5523.0,3308.0,0.0,31.0,20.0,309.0,0.0,238.0,50.0
2024-10-03T01:13:09.000-04:00,0,242.0,5523.0,3308.0,0.0,31.0,20.0,309.0,0.0,238.0,50.0
2024-10-03T01:21:55.000-04:00,0,240.0,5605.0,3305.0,0.0,0.0,20.0,314.0,0.0,249.0,50.0
2024-10-03T01:30:13.000-04:00,0,239.0,5437.0,3308.0,0.0,0.0,20.0,311.0,0.0,242.0,50.0
2024-10-03T01:36:20.000-04:00,0,238.0,5409.0,3308.0,0.0,0.0,20.0,311.0,0.0,254.0,50.0
2024-10-03T01:44:55.000-04:00,0,238.0,5347.0,3305.0,0.0,0.0,20.0,316.0,0.0,250.0,52.0
2024-10-03T01:57:27.000-04:00,0,237.0,5341.0,3308.0,0.0,0.0,20.0,311.0,0.0,238.0,51.0
2024-10-03T01:57:38.000-04:00,0,237.0,5341.0,3308.0,0.0,0.0,20.0,311.0,0.0,238.0,51.0
2024-10-03T01:59:06.000-04:00,0,237.0,5339.0,3308.0,0.0,0.0,20.0,316.0,0.0,237.0,51.0
2024-10-03T01:59:34.000-04:00,0,237.0,5339.0,3308.0,0.0,0.0,20.0,316.0,0.0,237.0,51.0
2024-10-03T02:00:38.000-04:00,0,237.0,5314.0,3308.0,0.0,0.0,20.0,316.0,0.0,235.0,51.0
2024-10-03T02:07:16.000-04:00,0,277.0,5311.0,3308.0,0.0,0.0,20.0,314.0,0.0,232.0,50.0
2024-10-03T02:08:21.000-04:00,0,277.0,5302.0,3306.0,0.0,0.0,20.0,313.0,0.0,231.0,51.0
2024-10-03T02:17:18.000-04:00,0,278.0,5145.0,3306.0,0.0,52.0,20.0,315.0,0.0,223.0,49.0
2024-10-03T02:24:58.000-04:00,0,278.0,5269.0,3308.0,0.0,0.0,20.0,314.0,0.0,225.0,50.0
2024-10-03T02:33:09.000-04:00,0,277.0,5261.0,3309.0,0.0,5.0,20.0,309.0,0.0,224.0,51.0
2024-10-03T02:39:28.000-04:00,0,276.0,5239.0,3306.0,0.0,0.0,20.0,319.0,0.0,229.0,50.0
2024-10-03T02:48:01.000-04:00,0,276.0,5231.0,3308.0,0.0,0.0,20.0,320.0,0.0,241.0,51.0
2024-10-03T02:54:51.000-04:00,0,277.0,5235.0,3305.0,0.0,0.0,20.0,316.0,0.0,238.0,51.0
2024-10-03T03:03:32.000-04:00,0,276.0,5261.0,3307.0,0.0,0.0,20.0,319.0,0.0,244.0,50.0
2024-10-03T03:12:37.000-04:00,0,277.0,5240.0,3307.0,0.0,11.0,20.0,318.0,0.0,238.0,51.0
2024-10-03T03:22:16.000-04:00,0,240.0,5224.0,3307.0,0.0,16.0,20.0,315.0,0.0,237.0,51.0
2024-10-03T03:31:15.000-04:00,0,241.0,5223.0,3307.0,0.0,0.0,20.0,316.0,0.0,238.0,51.0
2024-10-03T03:38:34.000-04:00,0,252.0,5195.0,3304.0,0.0,0.0,20.0,316.0,0.0,237.0,50.0
2024-10-03T03:44:30.000-04:00,0,253.0,5158.0,3306.0,0.0,2.0,20.0,316.0,0.0,240.0,52.0
2024-10-03T03:55:00.000-04:00,0,252.0,5159.0,3307.0,0.0,0.0,20.0,317.0,0.0,225.0,50.0
2024-10-03T04:02:17.000-04:00,0,256.0,5250.0,3307.0,0.0,11.0,20.0,318.0,0.0,232.0,51.0
2024-10-03T04:08:52.000-04:00,0,253.0,5277.0,3305.0,0.0,11.0,20.0,313.0,0.0,231.0,52.0
2024-10-03T04:17:05.000-04:00,0,264.0,5158.0,3306.0,0.0,1.0,20.0,318.0,0.0,232.0,50.0
2024-10-03T04:22:29.000-04:00,0,267.0,5132.0,3305.0,0.0,22.0,20.0,313.0,0.0,229.0,51.0
2024-10-03T04:31:30.000-04:00,0,262.0,5259.0,3307.0,0.0,0.0,20.0,317.0,0.0,214.0,50.0
2024-10-03T04:40:01.000-04:00,0,261.0,5242.0,3307.0,0.0,0.0,20.0,318.0,0.0,187.0,51.0
2024-10-03T04:44:23.000-04:00,0,260.0,5294.0,3307.0,0.0,1.0,20.0,316.0,0.0,185.0,52.0
2024-10-03T04:52:07.000-04:00,0,262.0,5407.0,3304.0,0.0,0.0,20.0,310.0,0.0,174.0,51.0
2024-10-03T05:03:25.000-04:00,0,261.0,5554.0,3305.0,0.0,16.0,20.0,307.0,0.0,184.0,51.0
2024-10-03T05:10:09.000-04:00,0,261.0,5708.0,3304.0,0.0,10.0,20.0,311.0,0.0,176.0,52.0
2024-10-03T05:19:52.000-04:00,0,259.0,5576.0,3304.0,0.0,0.0,20.0,303.0,0.0,174.0,51.0
2024-10-03T05:30:07.000-04:00,0,260.0,5702.0,3305.0,0.0,0.0,20.0,311.0,0.0,182.0,51.0
2024-10-03T05:37:45.000-04:00,0,260.0,5782.0,3306.0,0.0,0.0,20.0,307.0,0.0,171.0,51.0
2024-10-03T05:43:41.000-04:00,0,259.0,6124.0,3306.0,0.0,0.0,20.0,304.0,0.0,170.0,52.0
2024-10-03T05:54:32.000-04:00,0,265.0,6072.0,3305.0,0.0,18.0,20.0,308.0,0.0,171.0,51.0
2024-10-03T05:59:11.000-04:00,0,259.0,6303.0,3302.0,0.0,0.0,20.0,309.0,0.0,164.0,52.0
2024-10-03T06:03:24.000-04:00,0,257.0,6511.0,3305.0,0.0,0.0,20.0,316.0,0.0,172.0,52.0
2024-10-03T06:08:52.000-04:00,0,260.0,6634.0,3305.0,0.0,10.0,20.0,321.0,0.0,167.0,53.0
2024-10-03T06:15:52.000-04:00,0,263.0,6711.0,3304.0,0.0,0.0,20.0,309.0,0.0,165.0,51.0
2024-10-03T06:21:39.000-04:00,0,261.0,6709.0,3306.0,0.0,15.0,20.0,309.0,0.0,164.0,52.0
2024-10-03T06:23:14.000-04:00,0,264.0,6745.0,3306.0,0.0,10.0,18.0,307.0,0.0,166.0,52.0
2024-10-03T06:31:18.000-04:00,0,396.0,6967.0,3305.0,0.0,0.0,0.0,307.0,0.0,153.0,51.0
2024-10-03T06:37:02.000-04:00,0,394.0,6973.0,3307.0,0.0,6.0,0.0,310.0,0.0,157.0,53.0
2024-10-03T06:42:30.000-04:00,0,393.0,7030.0,3304.0,0.0,0.0,0.0,315.0,0.0,156.0,53.0
2024-10-03T06:52:53.000-04:00,0,430.0,7053.0,3305.0,0.0,7.0,0.0,314.0,1.0,163.0,53.0
2024-10-03T06:59:18.000-04:00,0,520.0,7065.0,3304.0,0.0,5.0,0.0,315.0,2.0,164.0,52.0
2024-10-03T07:01:45.000-04:00,0,520.0,7065.0,3304.0,0.0,5.0,0.0,315.0,2.0,164.0,52.0
2024-10-03T07:03:58.000-04:00,0,395.0,7085.0,3303.0,0.0,72.0,0.0,313.0,4.0,162.0,53.0
2024-10-03T07:09:44.000-04:00,0,773.0,7294.0,3305.0,0.0,2.0,0.0,313.0,8.0,171.0,53.0
2024-10-03T07:10:21.000-04:00,0,773.0,7294.0,3305.0,0.0,2.0,0.0,313.0,8.0,171.0,53.0
2024-10-03T07:11:13.000-04:00,0,807.0,7276.0,3306.0,0.0,2.0,0.0,314.0,9.0,174.0,53.0
2024-10-03T07:12:23.000-04:00,0,807.0,7276.0,3306.0,0.0,2.0,0.0,314.0,9.0,174.0,53.0
2024-10-03T07:14:17.000-04:00,0,724.0,7296.0,3306.0,0.0,12.0,0.0,312.0,12.0,169.0,55.0
2024-10-03T07:22:46.000-04:00,0,670.0,7274.0,3305.0,0.0,14.0,0.0,311.0,23.0,167.0,55.0
2024-10-03T07:30:54.000-04:00,0,694.0,7280.0,3304.0,0.0,5.0,0.0,310.0,32.0,163.0,55.0
2024-10-03T07:38:13.000-04:00,0,757.0,7290.0,3302.0,0.0,5.0,0.0,302.0,50.0,155.0,55.0
2024-10-03T07:43:14.000-04:00,0,728.0,7257.0,3303.0,0.0,12.0,0.0,303.0,60.0,152.0,57.0
2024-10-03T07:52:37.000-04:00,0,723.0,7228.0,3302.0,0.0,5.0,0.0,304.0,78.0,141.0,57.0
2024-10-03T08:02:30.000-04:00,0,742.0,7210.0,3304.0,0.0,22.0,0.0,302.0,103.0,146.0,57.0
2024-10-03T08:07:03.000-04:00,0,677.0,7354.0,3306.0,0.0,14.0,0.0,309.0,121.0,150.0,59.0
2024-10-03T08:14:25.000-04:00,0,659.0,7383.0,3302.0,0.0,3.0,0.0,308.0,132.0,156.0,58.0
2024-10-03T08:24:33.000-04:00,0,529.0,7308.0,3306.0,0.0,8.0,0.0,314.0,157.0,146.0,58.0
2024-10-03T08:32:26.000-04:00,0,524.0,7184.0,3304.0,0.0,4.0,0.0,311.0,177.0,132.0,60.0
2024-10-03T08:37:33.000-04:00,0,524.0,7139.0,3303.0,0.0,4.0,0.0,311.0,189.0,131.0,58.0
2024-10-03T08:41:07.000-04:00,0,397.0,7243.0,3304.0,0.0,5.0,0.0,316.0,198.0,127.0,57.0
2024-10-03T08:46:59.000-04:00,0,266.0,7267.0,3304.0,0.0,52.0,0.0,315.0,217.0,124.0,57.0
2024-10-03T08:52:52.000-04:00,0,265.0,7309.0,3304.0,0.0,5.0,0.0,319.0,261.0,121.0,55.0
2024-10-03T09:00:44.000-04:00,0,273.0,7338.0,3304.0,0.0,7.0,0.0,319.0,279.0,119.0,54.0
2024-10-03T09:07:29.000-04:00,0,275.0,7278.0,3304.0,0.0,14.0,0.0,323.0,290.0,121.0,54.0
2024-10-03T09:14:22.000-04:00,0,277.0,7333.0,3307.0,0.0,7.0,0.0,329.0,344.0,120.0,54.0
2024-10-03T09:15:33.000-04:00,0,285.0,7336.0,3307.0,0.0,7.0,0.0,330.0,346.0,119.0,53.0
2024-10-03T09:18:56.000-04:00,0,285.0,7264.0,3307.0,0.0,16.0,0.0,335.0,372.0,119.0,54.0
2024-10-03T09:21:33.000-04:00,0,283.0,7131.0,3302.0,0.0,63.0,0.0,337.0,377.0,117.0,54.0
2024-10-03T09:26:53.000-04:00,0,281.0,7105.0,3308.0,17.0,8.0,0.0,332.0,387.0,109.0,53.0
2024-10-03T09:29:35.000-04:00,0,280.0,7047.0,3308.0,22.0,8.0,0.0,330.0,390.0,108.0,53.0
2024-10-03T09:35:08.000-04:00,0,284.0,7053.0,3309.0,22.0,8.0,0.0,336.0,395.0,102.0,51.0
2024-10-03T09:36:45.000-04:00,0,284.0,7054.0,3309.0,23.0,7.0,0.0,337.0,399.0,97.0,51.0
2024-10-03T09:44:21.000-04:00,0,289.0,6962.0,3310.0,22.0,10.0,0.0,337.0,426.0,93.0,53.0
2024-10-03T09:44:51.000-04:00,0,289.0,6962.0,3310.0,22.0,10.0,0.0,337.0,426.0,93.0,53.0
2024-10-03T09:48:29.000-04:00,0,289.0,7161.0,3309.0,22.0,8.0,0.0,329.0,439.0,93.0,52.0
2024-10-03T09:51:23.000-04:00,0,291.0,7241.0,3309.0,22.0,7.0,0.0,335.0,441.0,90.0,53.0
2024-10-03T09:52:12.000-04:00,0,291.0,7241.0,3309.0,22.0,7.0,0.0,335.0,441.0,90.0,53.0
2024-10-03T09:56:15.000-04:00,0,289.0,7201.0,3308.0,22.0,7.0,0.0,338.0,438.0,89.0,52.0
2024-10-03T10:01:20.000-04:00,0,341.0,7142.0,3307.0,22.0,7.0,0.0,329.0,455.0,81.0,52.0
2024-10-03T10:06:38.000-04:00,0,345.0,7092.0,3307.0,22.0,29.0,0.0,329.0,466.0,87.0,52.0
2024-10-03T10:16:48.000-04:00,0,344.0,7041.0,3308.0,0.0,11.0,5.0,331.0,464.0,88.0,52.0
2024-10-03T10:22:22.000-04:00,0,346.0,7086.0,3306.0,0.0,9.0,6.0,334.0,442.0,85.0,52.0
2024-10-03T10:27:39.000-04:00,0,346.0,7086.0,3306.0,0.0,9.0,6.0,334.0,442.0,85.0,52.0
2024-10-03T10:32:03.000-04:00,0,342.0,6980.0,3305.0,0.0,12.0,7.0,336.0,499.0,95.0,52.0
2024-10-03T10:33:43.000-04:00,0,341.0,6948.0,3305.0,0.0,8.0,7.0,335.0,498.0,93.0,51.0
2024-10-03T10:37:14.000-04:00,0,340.0,6862.0,3305.0,0.0,25.0,8.0,330.0,482.0,94.0,51.0
2024-10-03T10:41:11.000-04:00,0,342.0,6800.0,3308.0,0.0,21.0,9.0,334.0,498.0,90.0,52.0
2024-10-03T10:44:41.000-04:00,0,340.0,6786.0,3305.0,0.0,13.0,11.0,334.0,478.0,93.0,53.0
2024-10-03T10:54:18.000-04:00,0,348.0,6755.0,3300.0,0.0,9.0,10.0,338.0,523.0,89.0,50.0
2024-10-03T11:00:18.000-04:00,0,358.0,6618.0,3302.0,0.0,62.0,10.0,336.0,514.0,93.0,49.0
2024-10-03T11:07:51.000-04:00,0,358.0,6632.0,3305.0,0.0,14.0,13.0,334.0,493.0,97.0,48.0
2024-10-03T11:14:27.000-04:00,0,358.0,6687.0,3305.0,0.0,9.0,15.0,335.0,546.0,99.0,49.0
2024-10-03T11:21:30.000-04:00,0,358.0,6522.0,3304.0,0.0,11.0,17.0,336.0,632.0,101.0,49.0
2024-10-03T11:27:52.000-04:00,0,358.0,6476.0,3305.0,0.0,16.0,19.0,339.0,578.0,108.0,49.0
2024-10-03T11:32:28.000-04:00,0,347.0,6398.0,3301.0,0.0,58.0,19.0,333.0,537.0,104.0,50.0
2024-10-03T11:33:51.000-04:00,0,345.0,6400.0,3303.0,0.0,22.0,19.0,334.0,542.0,107.0,50.0
2024-10-03T11:36:13.000-04:00,0,345.0,6566.0,3304.0,0.0,10.0,19.0,334.0,555.0,107.0,50.0
2024-10-03T11:39:01.000-04:00,0,345.0,6566.0,3304.0,0.0,10.0,19.0,334.0,555.0,107.0,50.0
2024-10-03T11:44:33.000-04:00,0,347.0,6606.0,3305.0,0.0,13.0,19.0,338.0,534.0,102.0,51.0
2024-10-03T11:48:10.000-04:00,0,348.0,6624.0,3301.0,0.0,32.0,19.0,338.0,526.0,102.0,48.0
2024-10-03T11:52:37.000-04:00,0,346.0,6677.0,3303.0,0.0,17.0,19.0,340.0,486.0,99.0,48.0
2024-10-03T11:53:05.000-04:00,0,346.0,6677.0,3303.0,0.0,17.0,19.0,340.0,486.0,99.0,48.0
2024-10-03T11:56:29.000-04:00,0,345.0,6768.0,3301.0,0.0,15.0,19.0,341.0,449.0,95.0,50.0
2024-10-03T11:57:18.000-04:00,0,346.0,6785.0,3301.0,0.0,11.0,19.0,341.0,428.0,94.0,48.0
2024-10-03T12:01:53.000-04:00,0,345.0,6840.0,3302.0,0.0,11.0,19.0,335.0,453.0,95.0,46.0
2024-10-03T12:04:08.000-04:00,0,345.0,6840.0,3302.0,0.0,11.0,19.0,335.0,453.0,95.0,46.0
2024-10-03T12:04:56.000-04:00,0,345.0,6840.0,3302.0,0.0,11.0,19.0,335.0,453.0,95.0,46.0
2024-10-03T12:06:12.000-04:00,0,343.0,6890.0,3303.0,0.0,11.0,19.0,336.0,486.0,101.0,47.0
2024-10-03T12:07:24.000-04:00,0,342.0,6808.0,3302.0,0.0,10.0,19.0,340.0,483.0,103.0,47.0
2024-10-03T12:10:10.000-04:00,0,344.0,6697.0,3302.0,0.0,35.0,19.0,339.0,466.0,102.0,46.0
2024-10-03T12:11:29.000-04:00,0,346.0,6675.0,3304.0,0.0,27.0,19.0,337.0,485.0,110.0,46.0
2024-10-03T12:12:59.000-04:00,0,345.0,6718.0,3302.0,0.0,10.0,19.0,335.0,502.0,107.0,46.0
2024-10-03T12:20:02.000-04:00,0,343.0,6683.0,3305.0,0.0,19.0,19.0,332.0,511.0,102.0,45.0
2024-10-03T12:22:46.000-04:00,0,343.0,6683.0,3305.0,0.0,19.0,19.0,332.0,511.0,102.0,45.0
2024-10-03T12:27:19.000-04:00,0,341.0,6659.0,3302.0,0.0,39.0,19.0,330.0,495.0,95.0,44.0
2024-10-03T12:28:23.000-04:00,0,342.0,6828.0,3303.0,0.0,6.0,20.0,338.0,515.0,104.0,45.0
2024-10-03T12:35:48.000-04:00,0,342.0,6828.0,3303.0,0.0,6.0,20.0,338.0,515.0,104.0,45.0
2024-10-03T12:38:17.000-04:00,0,338.0,6767.0,3304.0,0.0,8.0,20.0,329.0,543.0,99.0,45.0
2024-10-03T12:46:18.000-04:00,0,339.0,6821.0,3331.0,0.0,24.0,20.0,330.0,533.0,97.0,42.0
2024-10-03T12:47:13.000-04:00,0,339.0,6821.0,3331.0,0.0,24.0,20.0,330.0,533.0,97.0,42.0
2024-10-03T12:48:36.000-04:00,0,339.0,6821.0,3331.0,0.0,24.0,20.0,330.0,533.0,97.0,42.0
2024-10-03T12:51:28.000-04:00,0,338.0,6941.0,3336.0,0.0,10.0,20.0,333.0,548.0,98.0,35.0
2024-10-03T12:57:31.000-04:00,0,339.0,7201.0,3335.0,0.0,7.0,22.0,341.0,504.0,95.0,37.0
2024-10-03T12:59:23.000-04:00,0,338.0,7213.0,3336.0,0.0,9.0,22.0,341.0,513.0,95.0,36.0
2024-10-03T13:03:36.000-04:00,0,338.0,7213.0,3336.0,0.0,9.0,22.0,341.0,513.0,95.0,36.0
2024-10-03T13:05:55.000-04:00,0,284.0,7084.0,3336.0,0.0,53.0,25.0,338.0,478.0,94.0,37.0
2024-10-03T13:09:34.000-04:00,0,287.0,7275.0,3337.0,0.0,8.0,25.0,336.0,499.0,83.0,25.0
2024-10-03T13:17:45.000-04:00,0,287.0,7366.0,3337.0,0.0,11.0,26.0,334.0,516.0,96.0,26.0
2024-10-03T13:24:09.000-04:00,0,290.0,7382.0,3338.0,0.0,8.0,26.0,332.0,529.0,94.0,26.0
2024-10-03T13:25:49.000-04:00,0,285.0,7390.0,3335.0,0.0,16.0,26.0,329.0,476.0,93.0,26.0
2024-10-03T13:26:43.000-04:00,0,286.0,7383.0,3334.0,0.0,11.0,26.0,330.0,481.0,96.0,26.0
2024-10-03T13:29:21.000-04:00,0,286.0,7399.0,3335.0,0.0,19.0,26.0,330.0,420.0,86.0,25.0
2024-10-03T13:31:58.000-04:00,0,285.0,7410.0,3335.0,0.0,11.0,26.0,333.0,402.0,79.0,26.0
2024-10-03T13:37:33.000-04:00,0,284.0,7394.0,3335.0,0.0,11.0,26.0,335.0,394.0,75.0,26.0
2024-10-03T13:40:18.000-04:00,0,286.0,7404.0,3335.0,0.0,25.0,26.0,335.0,370.0,72.0,26.0
2024-10-03T13:42:13.000-04:00,0,285.0,7433.0,3337.0,0.0,23.0,26.0,336.0,373.0,69.0,26.0
2024-10-03T13:46:51.000-04:00,0,283.0,7497.0,3335.0,0.0,12.0,26.0,335.0,413.0,70.0,26.0
2024-10-03T13:51:46.000-04:00,0,286.0,7438.0,3334.0,0.0,35.0,26.0,327.0,453.0,79.0,26.0
2024-10-03T13:59:38.000-04:00,0,270.0,7521.0,3331.0,0.0,11.0,26.0,332.0,442.0,89.0,26.0
2024-10-03T14:06:47.000-04:00,0,262.0,7526.0,3332.0,0.0,11.0,27.0,332.0,444.0,88.0,25.0
2024-10-03T14:07:59.000-04:00,0,264.0,7576.0,3336.0,0.0,10.0,27.0,334.0,436.0,84.0,26.0
2024-10-03T14:11:18.000-04:00,0,264.0,7576.0,3336.0,0.0,10.0,27.0,334.0,436.0,84.0,26.0
2024-10-03T14:13:23.000-04:00,0,260.0,7632.0,3323.0,0.0,10.0,26.0,333.0,479.0,80.0,26.0
2024-10-03T14:15:34.000-04:00,0,260.0,7602.0,3316.0,0.0,15.0,26.0,334.0,482.0,87.0,25.0
2024-10-03T14:17:42.000-04:00,0,260.0,7602.0,3316.0,0.0,15.0,26.0,334.0,482.0,87.0,25.0
2024-10-03T14:21:31.000-04:00,0,260.0,7638.0,3302.0,0.0,32.0,27.0,340.0,482.0,78.0,26.0
2024-10-03T14:27:22.000-04:00,0,262.0,7705.0,3290.0,0.0,7.0,27.0,343.0,467.0,82.0,26.0
2024-10-03T14:29:35.000-04:00,0,262.0,7705.0,3290.0,0.0,7.0,27.0,343.0,467.0,82.0,26.0
2024-10-03T14:32:11.000-04:00,0,263.0,7692.0,3281.0,0.0,7.0,27.0,338.0,501.0,89.0,26.0
2024-10-03T14:33:35.000-04:00,0,262.0,7714.0,3281.0,0.0,8.0,27.0,338.0,477.0,88.0,26.0
2024-10-03T14:39:56.000-04:00,0,260.0,7575.0,3279.0,0.0,27.0,27.0,335.0,476.0,87.0,26.0
2024-10-03T14:45:22.000-04:00,0,262.0,7664.0,3261.0,0.0,10.0,27.0,332.0,500.0,90.0,25.0
2024-10-03T14:46:31.000-04:00,0,262.0,7664.0,3261.0,0.0,10.0,27.0,332.0,500.0,90.0,25.0
2024-10-03T14:48:13.000-04:00,0,261.0,7858.0,3259.0,0.0,9.0,27.0,336.0,532.0,95.0,25.0
2024-10-03T14:49:25.000-04:00,0,261.0,7858.0,3259.0,0.0,9.0,27.0,336.0,532.0,95.0,25.0
2024-10-03T14:52:12.000-04:00,0,261.0,7718.0,3257.0,13.0,12.0,27.0,337.0,518.0,97.0,26.0
2024-10-03T15:01:53.000-04:00,0,262.0,7577.0,3242.0,46.0,9.0,27.0,334.0,474.0,92.0,26.0
2024-10-03T15:07:51.000-04:00,0,266.0,7598.0,3232.0,41.0,11.0,27.0,336.0,442.0,90.0,26.0
2024-10-03T15:10:33.000-04:00,0,268.0,7622.0,3223.0,2.0,28.0,27.0,337.0,412.0,90.0,26.0
2024-10-03T15:13:43.000-04:00,0,268.0,7773.0,3218.0,0.0,11.0,27.0,333.0,400.0,90.0,27.0
2024-10-03T15:21:53.000-04:00,0,268.0,7920.0,3202.0,0.0,22.0,27.0,337.0,364.0,105.0,26.0
2024-10-03T15:28:12.000-04:00,0,267.0,8029.0,3197.0,0.0,11.0,27.0,334.0,359.0,105.0,27.0
2024-10-03T15:32:24.000-04:00,0,268.0,8103.0,3191.0,0.0,9.0,27.0,339.0,347.0,106.0,27.0
2024-10-03T15:40:29.000-04:00,0,265.0,8212.0,3184.0,0.0,40.0,28.0,335.0,334.0,112.0,27.0
2024-10-03T15:45:28.000-04:00,0,264.0,8248.0,3173.0,0.0,9.0,28.0,338.0,347.0,123.0,26.0
2024-10-03T15:50:18.000-04:00,0,264.0,8248.0,3173.0,0.0,9.0,28.0,338.0,347.0,123.0,26.0
2024-10-03T15:52:23.000-04:00,0,267.0,8317.0,3158.0,0.0,12.0,28.0,339.0,371.0,125.0,27.0
2024-10-03T15:56:51.000-04:00,0,267.0,8240.0,3147.0,0.0,22.0,28.0,331.0,362.0,131.0,27.0
2024-10-03T16:04:04.000-04:00,0,862.0,7758.0,3145.0,0.0,9.0,28.0,340.0,321.0,143.0,26.0
2024-10-03T16:09:19.000-04:00,0,870.0,7787.0,3139.0,0.0,7.0,28.0,332.0,304.0,143.0,27.0
2024-10-03T16:16:44.000-04:00,0,858.0,8148.0,3128.0,0.0,14.0,28.0,341.0,293.0,145.0,26.0
2024-10-03T16:21:51.000-04:00,0,863.0,8250.0,3119.0,0.0,28.0,28.0,339.0,302.0,145.0,25.0
2024-10-03T16:24:05.000-04:00,0,863.0,8250.0,3119.0,0.0,28.0,28.0,339.0,302.0,145.0,25.0
2024-10-03T16:25:44.000-04:00,0,867.0,8286.0,3118.0,0.0,45.0,28.0,336.0,289.0,153.0,26.0
2024-10-03T16:27:59.000-04:00,0,909.0,8343.0,3114.0,0.0,11.0,28.0,337.0,286.0,158.0,25.0
2024-10-03T16:36:53.000-04:00,0,1011.0,8399.0,3098.0,0.0,6.0,28.0,339.0,271.0,172.0,25.0
2024-10-03T16:44:41.000-04:00,0,999.0,8338.0,3082.0,0.0,25.0,28.0,335.0,246.0,167.0,26.0
2024-10-03T16:53:45.000-04:00,0,1095.0,8500.0,3069.0,0.0,5.0,28.0,343.0,209.0,172.0,26.0
2024-10-03T16:58:07.000-04:00,0,1426.0,8532.0,3056.0,0.0,5.0,28.0,339.0,188.0,175.0,27.0
2024-10-03T17:02:15.000-04:00,0,1426.0,8534.0,3050.0,0.0,5.0,28.0,342.0,171.0,171.0,27.0
2024-10-03T17:08:23.000-04:00,0,1445.0,8562.0,3047.0,0.0,65.0,28.0,338.0,158.0,168.0,27.0
2024-10-03T17:17:03.000-04:00,0,1562.0,8616.0,3027.0,0.0,8.0,28.0,342.0,120.0,168.0,28.0
2024-10-03T17:23:01.000-04:00,0,1669.0,8645.0,3011.0,0.0,13.0,28.0,337.0,104.0,169.0,27.0
2024-10-03T17:26:48.000-04:00,0,1678.0,8683.0,3004.0,0.0,8.0,28.0,341.0,90.0,175.0,27.0
2024-10-03T17:35:42.000-04:00,0,1678.0,8683.0,3004.0,0.0,8.0,28.0,341.0,90.0,175.0,27.0
2024-10-03T17:36:35.000-04:00,0,1901.0,8723.0,2983.0,0.0,3.0,28.0,337.0,62.0,209.0,27.0
2024-10-03T17:37:54.000-04:00,0,1887.0,8723.0,2979.0,0.0,5.0,28.0,338.0,60.0,212.0,28.0
2024-10-03T17:40:18.000-04:00,0,1887.0,8723.0,2979.0,0.0,5.0,28.0,338.0,60.0,212.0,28.0
2024-10-03T17:43:35.000-04:00,0,1783.0,8735.0,2968.0,0.0,50.0,28.0,342.0,48.0,190.0,28.0
2024-10-03T17:52:54.000-04:00,0,1942.0,8730.0,2952.0,0.0,4.0,28.0,338.0,31.0,209.0,28.0
2024-10-03T17:55:16.000-04:00,0,1942.0,8730.0,2952.0,0.0,4.0,28.0,338.0,31.0,209.0,28.0
2024-10-03T18:04:10.000-04:00,0,1914.0,8597.0,2933.0,0.0,18.0,28.0,339.0,18.0,247.0,28.0
2024-10-03T18:14:38.000-04:00,0,1924.0,8656.0,2919.0,0.0,18.0,28.0,330.0,9.0,261.0,28.0
2024-10-03T18:17:15.000-04:00,0,1928.0,8705.0,2910.0,0.0,52.0,28.0,332.0,6.0,273.0,29.0
2024-10-03T18:26:25.000-04:00,0,1931.0,8695.0,2888.0,0.0,46.0,28.0,337.0,2.0,288.0,29.0
2024-10-03T18:28:46.000-04:00,0,1928.0,8720.0,2885.0,0.0,62.0,28.0,337.0,2.0,295.0,29.0
2024-10-03T18:33:35.000-04:00,0,1920.0,8782.0,2876.0,0.0,25.0,28.0,338.0,2.0,298.0,28.0
2024-10-03T18:38:33.000-04:00,0,1916.0,8833.0,2869.0,0.0,20.0,29.0,337.0,2.0,305.0,28.0
2024-10-03T18:46:16.000-04:00,0,1922.0,8939.0,2855.0,0.0,19.0,28.0,338.0,2.0,323.0,28.0
2024-10-03T18:52:56.000-04:00,0,1914.0,8967.0,2840.0,0.0,19.0,29.0,339.0,2.0,336.0,29.0
2024-10-03T19:00:53.000-04:00,0,1869.0,9020.0,2825.0,0.0,19.0,28.0,331.0,2.0,348.0,28.0
2024-10-03T19:07:58.000-04:00,0,1757.0,9054.0,2815.0,0.0,18.0,29.0,328.0,2.0,356.0,30.0
2024-10-03T19:13:21.000-04:00,0,1683.0,9029.0,2808.0,0.0,20.0,29.0,331.0,2.0,365.0,29.0
2024-10-03T19:20:41.000-04:00,0,1681.0,8871.0,2796.0,0.0,17.0,28.0,326.0,2.0,368.0,29.0
2024-10-03T19:24:58.000-04:00,0,1551.0,8822.0,2789.0,0.0,56.0,28.0,335.0,1.0,370.0,29.0
2024-10-03T19:28:11.000-04:00,0,1548.0,8846.0,2781.0,0.0,20.0,29.0,331.0,1.0,368.0,29.0
2024-10-03T19:38:08.000-04:00,0,1554.0,8839.0,2766.0,0.0,18.0,28.0,330.0,1.0,396.0,30.0
2024-10-03T19:47:51.000-04:00,0,1519.0,8767.0,2751.0,0.0,13.0,29.0,328.0,1.0,390.0,29.0
2024-10-03T19:51:47.000-04:00,0,1491.0,8817.0,2747.0,0.0,4.0,29.0,325.0,1.0,390.0,29.0
2024-10-03T19:57:22.000-04:00,0,1028.0,8882.0,2737.0,0.0,84.0,29.0,321.0,1.0,389.0,30.0
2024-10-03T20:04:54.000-04:00,0,984.0,8898.0,2725.0,0.0,2.0,28.0,323.0,1.0,404.0,29.0
2024-10-03T20:09:50.000-04:00,0,963.0,8900.0,2717.0,0.0,2.0,29.0,334.0,1.0,409.0,28.0
2024-10-03T20:14:12.000-04:00,0,913.0,8901.0,2707.0,0.0,2.0,29.0,333.0,1.0,413.0,29.0
2024-10-03T20:21:20.000-04:00,0,831.0,8923.0,2699.0,0.0,6.0,29.0,332.0,1.0,409.0,29.0
2024-10-03T20:29:22.000-04:00,0,698.0,8918.0,2684.0,0.0,5.0,28.0,329.0,1.0,413.0,29.0
2024-10-03T20:35:47.000-04:00,0,540.0,8922.0,2674.0,0.0,35.0,29.0,336.0,1.0,407.0,29.0
2024-10-03T20:37:56.000-04:00,0,527.0,8923.0,2668.0,0.0,5.0,29.0,334.0,1.0,410.0,29.0
2024-10-03T20:45:16.000-04:00,0,393.0,8911.0,2659.0,0.0,5.0,29.0,331.0,1.0,414.0,30.0
2024-10-03T20:55:50.000-04:00,0,388.0,8852.0,2637.0,0.0,1.0,29.0,334.0,1.0,416.0,29.0
2024-10-03T21:05:54.000-04:00,0,253.0,8743.0,2439.0,0.0,0.0,29.0,331.0,0.0,413.0,29.0
2024-10-03T21:15:15.000-04:00,0,253.0,8636.0,2441.0,0.0,0.0,29.0,329.0,0.0,407.0,30.0
2024-10-03T21:20:00.000-04:00,0,252.0,8580.0,2440.0,0.0,1.0,29.0,329.0,0.0,400.0,29.0
2024-10-03T21:24:49.000-04:00,0,255.0,8551.0,2437.0,0.0,0.0,29.0,329.0,0.0,408.0,29.0
2024-10-03T21:32:26.000-04:00,0,255.0,8449.0,2438.0,0.0,0.0,29.0,328.0,0.0,408.0,30.0
2024-10-03T21:40:50.000-04:00,0,254.0,8400.0,2438.0,0.0,0.0,29.0,330.0,0.0,397.0,29.0
2024-10-03T21:45:04.000-04:00,0,254.0,8388.0,2440.0,0.0,0.0,29.0,329.0,0.0,398.0,29.0
2024-10-03T21:49:41.000-04:00,0,255.0,8300.0,2439.0,0.0,41.0,29.0,329.0,0.0,410.0,29.0
2024-10-03T21:55:27.000-04:00,0,264.0,8171.0,2440.0,0.0,26.0,29.0,328.0,0.0,416.0,28.0
2024-10-03T22:01:34.000-04:00,0,264.0,8035.0,2440.0,0.0,0.0,29.0,334.0,0.0,417.0,28.0
2024-10-03T22:11:45.000-04:00,0,259.0,7977.0,2441.0,0.0,0.0,29.0,331.0,0.0,414.0,27.0
2024-10-03T22:21:22.000-04:00,0,255.0,7841.0,2441.0,0.0,0.0,29.0,328.0,0.0,430.0,27.0
2024-10-03T22:33:43.000-04:00,0,255.0,7629.0,2441.0,0.0,5.0,29.0,332.0,0.0,426.0,27.0
2024-10-03T22:40:12.000-04:00,0,259.0,7543.0,2444.0,0.0,0.0,29.0,339.0,0.0,429.0,27.0
2024-10-03T22:48:55.000-04:00,0,259.0,7451.0,2442.0,0.0,0.0,29.0,334.0,0.0,431.0,28.0
2024-10-03T22:51:43.000-04:00,0,259.0,7308.0,2442.0,0.0,64.0,29.0,332.0,0.0,432.0,27.0
2024-10-03T22:52:20.000-04:00,0,259.0,7308.0,2442.0,0.0,64.0,29.0,332.0,0.0,432.0,27.0
2024-10-03T22:56:18.000-04:00,0,261.0,7290.0,2441.0,0.0,8.0,29.0,327.0,0.0,433.0,28.0
2024-10-03T23:00:19.000-04:00,0,260.0,7411.0,2441.0,0.0,0.0,29.0,327.0,0.0,435.0,26.0
2024-10-03T23:03:06.000-04:00,0,262.0,7481.0,2441.0,0.0,2.0,29.0,338.0,0.0,435.0,26.0
2024-10-03T23:10:09.000-04:00,0,262.0,7336.0,2440.0,0.0,6.0,29.0,335.0,0.0,434.0,25.0
2024-10-03T23:17:44.000-04:00,0,261.0,7116.0,2443.0,0.0,1.0,29.0,335.0,0.0,426.0,26.0
2024-10-03T23:27:48.000-04:00,0,261.0,7007.0,2442.0,0.0,0.0,29.0,336.0,0.0,420.0,26.0
2024-10-03T23:33:40.000-04:00,0,260.0,6811.0,2443.0,0.0,0.0,29.0,333.0,0.0,420.0,26.0
2024-10-03T23:39:44.000-04:00,0,259.0,6789.0,2443.0,0.0,0.0,29.0,332.0,0.0,419.0,26.0
2024-10-03T23:42:48.000-04:00,0,258.0,6591.0,2443.0,0.0,13.0,29.0,332.0,0.0,414.0,26.0
2024-10-03T23:48:25.000-04:00,0,261.0,6608.0,2442.0,0.0,0.0,29.0,336.0,0.0,415.0,26.0
2024-10-03T23:53:45.000-04:00,0,260.0,6598.0,2442.0,0.0,0.0,29.0,338.0,0.0,403.0,26.0
2024-10-03T23:58:30.000-04:00,0,255.0,6530.0,2443.0,0.0,70.0,29.0,338.0,0.0,397.0,26.0
2024-10-04T00:07:42.000-04:00,0,251.0,6729.0,2442.0,0.0,0.0,29.0,336.0,0.0,384.0,26.0
2024-10-04T00:14:16.000-04:00,0,251.0,6421.0,2443.0,0.0,67.0,29.0,334.0,0.0,376.0,26.0
2024-10-04T00:19:32.000-04:00,0,250.0,6427.0,2444.0,0.0,2.0,29.0,332.0,0.0,369.0,26.0
2024-10-04T00:23:17.000-04:00,0,250.0,6350.0,2443.0,0.0,2.0,29.0,332.0,0.0,362.0,26.0
2024-10-04T00:30:11.000-04:00,0,250.0,6304.0,2440.0,0.0,4.0,29.0,328.0,0.0,359.0,26.0
2024-10-04T00:37:23.000-04:00,0,250.0,6197.0,2443.0,0.0,15.0,29.0,333.0,0.0,341.0,26.0
2024-10-04T00:46:10.000-04:00,0,249.0,6426.0,2442.0,0.0,0.0,29.0,331.0,0.0,328.0,26.0
2024-10-04T00:49:25.000-04:00,0,247.0,6468.0,2442.0,0.0,16.0,29.0,331.0,0.0,324.0,26.0
2024-10-04T00:55:15.000-04:00,0,249.0,6401.0,2443.0,0.0,6.0,29.0,330.0,0.0,308.0,26.0
2024-10-04T01:01:54.000-04:00,0,249.0,6237.0,2442.0,0.0,0.0,29.0,329.0,0.0,303.0,26.0
2024-10-04T01:09:32.000-04:00,0,249.0,6167.0,2444.0,0.0,0.0,29.0,334.0,0.0,311.0,26.0
2024-10-04T01:11:53.000-04:00,0,249.0,6156.0,2443.0,0.0,0.0,29.0,335.0,0.0,310.0,26.0
2024-10-04T01:17:43.000-04:00,0,250.0,6063.0,2441.0,0.0,21.0,29.0,333.0,0.0,305.0,26.0
2024-10-04T01:26:06.000-04:00,0,248.0,6018.0,2443.0,0.0,0.0,29.0,330.0,0.0,309.0,26.0
2024-10-04T01:38:51.000-04:00,0,250.0,5974.0,2443.0,0.0,0.0,29.0,332.0,0.0,294.0,26.0
2024-10-04T01:49:24.000-04:00,0,250.0,5982.0,2443.0,0.0,0.0,29.0,338.0,0.0,288.0,27.0
2024-10-04T01:56:50.000-04:00,0,251.0,5957.0,2442.0,0.0,8.0,29.0,336.0,0.0,266.0,27.0
2024-10-04T02:05:34.000-04:00,0,248.0,5992.0,2442.0,0.0,0.0,29.0,335.0,0.0,245.0,26.0
2024-10-04T02:13:15.000-04:00,0,250.0,5981.0,2442.0,0.0,46.0,29.0,334.0,0.0,237.0,26.0
2024-10-04T02:20:21.000-04:00,0,246.0,5982.0,2441.0,0.0,1.0,29.0,334.0,0.0,238.0,26.0
2024-10-04T02:29:11.000-04:00,0,244.0,5959.0,2443.0,0.0,0.0,29.0,331.0,0.0,228.0,26.0
2024-10-04T02:39:42.000-04:00,0,244.0,5934.0,2442.0,0.0,7.0,29.0,334.0,0.0,212.0,26.0
2024-10-04T02:41:25.000-04:00,0,243.0,5940.0,2440.0,0.0,9.0,29.0,329.0,0.0,202.0,26.0
2024-10-04T02:51:30.000-04:00,0,243.0,6037.0,2440.0,0.0,0.0,29.0,334.0,0.0,184.0,26.0
2024-10-04T02:59:11.000-04:00,0,244.0,6052.0,2442.0,0.0,0.0,29.0,334.0,0.0,178.0,27.0
2024-10-04T03:07:46.000-04:00,0,244.0,6013.0,2442.0,0.0,0.0,29.0,334.0,0.0,172.0,26.0
2024-10-04T03:18:16.000-04:00,0,245.0,5990.0,2440.0,0.0,8.0,29.0,334.0,0.0,162.0,26.0
2024-10-04T03:28:35.000-04:00,0,244.0,5914.0,2443.0,0.0,17.0,29.0,334.0,0.0,155.0,25.0
2024-10-04T03:35:14.000-04:00,0,242.0,5934.0,2443.0,0.0,0.0,29.0,334.0,0.0,149.0,25.0
2024-10-04T03:45:10.000-04:00,0,242.0,5845.0,2441.0,0.0,0.0,29.0,340.0,0.0,150.0,26.0
2024-10-04T03:53:26.000-04:00,0,243.0,5893.0,2442.0,0.0,0.0,29.0,340.0,0.0,142.0,25.0
2024-10-04T04:02:29.000-04:00,0,242.0,6067.0,2443.0,0.0,10.0,29.0,340.0,0.0,126.0,25.0
2024-10-04T04:11:19.000-04:00,0,250.0,6089.0,2442.0,0.0,0.0,29.0,337.0,0.0,111.0,25.0
2024-10-04T04:19:47.000-04:00,0,254.0,6120.0,2439.0,0.0,5.0,29.0,337.0,0.0,100.0,25.0
2024-10-04T04:32:44.000-04:00,0,264.0,6063.0,2442.0,0.0,0.0,29.0,336.0,0.0,91.0,26.0
2024-10-04T04:34:43.000-04:00,0,264.0,6058.0,2441.0,0.0,3.0,29.0,335.0,0.0,83.0,25.0
2024-10-04T04:40:28.000-04:00,0,262.0,6269.0,2440.0,0.0,0.0,29.0,333.0,0.0,82.0,26.0
2024-10-04T04:48:09.000-04:00,0,265.0,6363.0,2441.0,0.0,0.0,29.0,340.0,0.0,79.0,25.0
2024-10-04T04:53:16.000-04:00,0,265.0,6361.0,2441.0,0.0,7.0,29.0,337.0,0.0,75.0,25.0
2024-10-04T05:01:14.000-04:00,0,265.0,6426.0,2440.0,0.0,0.0,29.0,343.0,0.0,73.0,26.0
2024-10-04T05:07:14.000-04:00,0,264.0,6507.0,2441.0,0.0,36.0,29.0,336.0,0.0,68.0,26.0
2024-10-04T05:09:50.000-04:00,0,265.0,6586.0,2442.0,0.0,19.0,29.0,335.0,0.0,67.0,25.0
2024-10-04T05:14:33.000-04:00,0,260.0,6802.0,2441.0,0.0,0.0,29.0,341.0,0.0,66.0,26.0
2024-10-04T05:22:11.000-04:00,0,258.0,6841.0,2441.0,0.0,3.0,29.0,334.0,0.0,63.0,25.0
2024-10-04T05:32:17.000-04:00,0,258.0,7051.0,2443.0,0.0,0.0,29.0,336.0,0.0,58.0,25.0
2024-10-04T05:38:36.000-04:00,0,258.0,7151.0,2445.0,0.0,14.0,29.0,331.0,0.0,52.0,25.0
2024-10-04T05:44:51.000-04:00,0,255.0,7271.0,2442.0,0.0,0.0,29.0,320.0,0.0,47.0,26.0
2024-10-04T05:47:51.000-04:00,0,256.0,7352.0,2443.0,0.0,0.0,29.0,323.0,0.0,45.0,25.0
2024-10-04T05:50:42.000-04:00,0,256.0,7317.0,2442.0,0.0,33.0,29.0,326.0,0.0,42.0,26.0
2024-10-04T05:52:17.000-04:00,0,256.0,7254.0,2443.0,0.0,52.0,28.0,325.0,0.0,41.0,25.0
2024-10-04T06:02:12.000-04:00,0,254.0,7556.0,2440.0,0.0,1.0,29.0,321.0,0.0,38.0,25.0
2024-10-04T06:14:28.000-04:00,0,254.0,7732.0,2444.0,0.0,20.0,29.0,316.0,0.0,35.0,25.0
2024-10-04T06:17:16.000-04:00,0,254.0,7778.0,2443.0,0.0,21.0,29.0,312.0,0.0,34.0,25.0
2024-10-04T06:18:24.000-04:00,0,254.0,7778.0,2443.0,0.0,21.0,29.0,312.0,0.0,34.0,25.0
2024-10-04T06:19:23.000-04:00,0,254.0,7844.0,2444.0,0.0,1.0,29.0,316.0,0.0,33.0,25.0
2024-10-04T06:29:31.000-04:00,0,253.0,7546.0,2441.0,0.0,19.0,29.0,319.0,0.0,36.0,25.0
2024-10-04T06:32:00.000-04:00,0,255.0,7516.0,2444.0,0.0,48.0,29.0,323.0,0.0,37.0,25.0
2024-10-04T06:39:57.000-04:00,0,256.0,7785.0,2442.0,0.0,1.0,29.0,317.0,0.0,37.0,25.0
2024-10-04T06:47:23.000-04:00,0,255.0,7842.0,2441.0,0.0,1.0,29.0,323.0,0.0,35.0,25.0
2024-10-04T06:52:51.000-04:00,0,256.0,7926.0,2442.0,0.0,1.0,29.0,322.0,1.0,39.0,25.0
2024-10-04T07:01:01.000-04:00,0,387.0,7965.0,2443.0,0.0,9.0,29.0,316.0,5.0,44.0,25.0
2024-10-04T07:10:30.000-04:00,0,396.0,8026.0,2443.0,0.0,9.0,29.0,322.0,15.0,59.0,25.0
2024-10-04T07:20:49.000-04:00,0,394.0,7962.0,2440.0,0.0,10.0,28.0,322.0,31.0,54.0,26.0
2024-10-04T07:28:23.000-04:00,0,392.0,7925.0,2441.0,0.0,11.0,28.0,320.0,43.0,49.0,25.0
2024-10-04T07:31:37.000-04:00,0,392.0,7925.0,2441.0,0.0,11.0,28.0,320.0,43.0,49.0,25.0
2024-10-04T07:40:13.000-04:00,0,393.0,7853.0,2441.0,0.0,9.0,29.0,319.0,65.0,51.0,26.0
2024-10-04T07:47:57.000-04:00,0,397.0,7870.0,2441.0,0.0,24.0,29.0,313.0,80.0,51.0,26.0
2024-10-04T07:55:35.000-04:00,0,411.0,7869.0,2442.0,0.0,8.0,29.0,318.0,107.0,50.0,25.0
2024-10-04T08:04:42.000-04:00,0,510.0,7790.0,2441.0,0.0,3.0,29.0,319.0,123.0,49.0,26.0
2024-10-04T08:13:06.000-04:00,0,471.0,7820.0,2443.0,0.0,6.0,28.0,321.0,133.0,46.0,25.0
2024-10-04T08:21:23.000-04:00,0,388.0,7990.0,2440.0,0.0,5.0,28.0,328.0,183.0,45.0,26.0
2024-10-04T08:29:15.000-04:00,0,386.0,7926.0,2441.0,0.0,8.0,28.0,343.0,198.0,45.0,26.0
2024-10-04T08:38:43.000-04:00,0,386.0,7865.0,2440.0,0.0,5.0,28.0,334.0,243.0,37.0,27.0
2024-10-04T08:47:20.000-04:00,0,258.0,7903.0,2442.0,0.0,25.0,28.0,334.0,267.0,34.0,27.0
2024-10-04T08:53:02.000-04:00,0,255.0,7844.0,2439.0,0.0,7.0,28.0,341.0,274.0,28.0,27.0
2024-10-04T08:59:03.000-04:00,0,259.0,7835.0,2440.0,0.0,8.0,28.0,338.0,288.0,27.0,27.0
2024-10-04T09:08:20.000-04:00,0,260.0,7777.0,2442.0,0.0,13.0,28.0,335.0,317.0,25.0,27.0
2024-10-04T09:16:32.000-04:00,0,269.0,7768.0,2440.0,0.0,11.0,28.0,337.0,333.0,23.0,26.0
2024-10-04T09:24:37.000-04:00,0,273.0,7686.0,2442.0,0.0,20.0,28.0,319.0,352.0,20.0,26.0
2024-10-04T09:31:58.000-04:00,0,273.0,7774.0,2442.0,0.0,11.0,28.0,326.0,381.0,17.0,26.0
2024-10-04T09:41:33.000-04:00,0,272.0,7720.0,2442.0,0.0,25.0,28.0,324.0,389.0,17.0,26.0
2024-10-04T09:50:48.000-04:00,0,275.0,7696.0,2441.0,0.0,10.0,28.0,335.0,411.0,15.0,26.0
2024-10-04T09:54:34.000-04:00,0,276.0,7690.0,2443.0,0.0,11.0,28.0,328.0,425.0,14.0,26.0
2024-10-04T10:02:39.000-04:00,0,322.0,7820.0,2442.0,0.0,9.0,28.0,331.0,459.0,11.0,27.0
2024-10-04T10:08:26.000-04:00,0,375.0,7842.0,2441.0,0.0,29.0,28.0,327.0,457.0,9.0,26.0
2024-10-04T10:16:12.000-04:00,0,376.0,7868.0,2442.0,0.0,23.0,28.0,326.0,473.0,6.0,26.0
2024-10-04T10:20:06.000-04:00,0,376.0,7868.0,2442.0,0.0,23.0,28.0,326.0,473.0,6.0,26.0
2024-10-04T10:27:40.000-04:00,0,328.0,7840.0,2441.0,0.0,18.0,28.0,329.0,501.0,5.0,26.0
2024-10-04T10:33:23.000-04:00,0,330.0,7845.0,2442.0,0.0,12.0,28.0,324.0,528.0,4.0,27.0
2024-10-04T10:37:07.000-04:00,0,330.0,7845.0,2442.0,0.0,12.0,28.0,324.0,528.0,4.0,27.0
2024-10-04T10:45:38.000-04:00,0,332.0,7818.0,2443.0,0.0,16.0,28.0,325.0,556.0,4.0,27.0
2024-10-04T10:45:51.000-04:00,0,332.0,7818.0,2443.0,0.0,16.0,28.0,325.0,556.0,4.0,27.0
2024-10-04T10:48:37.000-04:00,0,333.0,7700.0,2441.0,0.0,19.0,28.0,329.0,552.0,6.0,27.0
2024-10-04T10:55:24.000-04:00,0,328.0,7580.0,2443.0,0.0,33.0,28.0,333.0,557.0,6.0,26.0
2024-10-04T11:01:49.000-04:00,0,326.0,7590.0,2441.0,0.0,10.0,28.0,306.0,569.0,5.0,26.0
2024-10-04T11:03:41.000-04:00,0,325.0,7548.0,2442.0,0.0,9.0,28.0,308.0,548.0,6.0,26.0
2024-10-04T11:04:26.000-04:00,0,386.0,7523.0,2441.0,0.0,10.0,28.0,310.0,574.0,7.0,26.0
2024-10-04T11:10:16.000-04:00,0,720.0,7094.0,2443.0,0.0,34.0,28.0,311.0,587.0,8.0,27.0
2024-10-04T11:18:05.000-04:00,0,719.0,7265.0,2441.0,0.0,10.0,28.0,324.0,592.0,13.0,27.0
2024-10-04T11:26:01.000-04:00,0,722.0,7244.0,2439.0,0.0,45.0,28.0,328.0,581.0,15.0,27.0
2024-10-04T11:32:12.000-04:00,0,718.0,7315.0,2441.0,0.0,9.0,28.0,327.0,566.0,12.0,27.0
2024-10-04T11:35:03.000-04:00,0,718.0,7315.0,2441.0,0.0,9.0,28.0,327.0,566.0,12.0,27.0
2024-10-04T11:45:24.000-04:00,0,767.0,7257.0,2441.0,0.0,10.0,28.0,319.0,573.0,15.0,27.0
2024-10-04T11:49:04.000-04:00,0,653.0,7385.0,2443.0,0.0,10.0,28.0,321.0,602.0,15.0,26.0
2024-10-04T11:55:50.000-04:00,0,587.0,7367.0,2441.0,0.0,15.0,28.0,325.0,605.0,16.0,28.0
2024-10-04T11:59:54.000-04:00,0,587.0,7367.0,2441.0,0.0,15.0,28.0,325.0,605.0,16.0,28.0
2024-10-04T12:08:53.000-04:00,0,506.0,7463.0,2441.0,0.0,22.0,28.0,326.0,576.0,16.0,27.0
2024-10-04T12:12:19.000-04:00,0,506.0,7463.0,2441.0,0.0,22.0,28.0,326.0,576.0,16.0,27.0
2024-10-04T12:15:19.000-04:00,0,373.0,7658.0,2441.0,0.0,21.0,28.0,327.0,575.0,21.0,26.0
2024-10-04T12:21:21.000-04:00,0,375.0,7768.0,2440.0,0.0,7.0,28.0,329.0,595.0,26.0,27.0
2024-10-04T12:27:54.000-04:00,0,375.0,7757.0,2440.0,0.0,14.0,28.0,332.0,587.0,33.0,27.0
2024-10-04T12:31:09.000-04:00,0,377.0,7707.0,2441.0,0.0,35.0,28.0,333.0,591.0,32.0,27.0
2024-10-04T12:37:07.000-04:00,0,378.0,7660.0,2441.0,0.0,8.0,28.0,328.0,651.0,38.0,27.0
2024-10-04T12:42:16.000-04:00,0,378.0,7660.0,2441.0,0.0,8.0,28.0,328.0,651.0,38.0,27.0
2024-10-04T12:51:23.000-04:00,0,378.0,7765.0,2442.0,0.0,9.0,28.0,323.0,609.0,42.0,27.0
2024-10-04T13:04:26.000-04:00,0,323.0,7798.0,2442.0,0.0,13.0,28.0,330.0,573.0,48.0,27.0
2024-10-04T13:12:39.000-04:00,0,322.0,7821.0,2441.0,0.0,10.0,28.0,331.0,582.0,50.0,27.0
2024-10-04T13:19:43.000-04:00,0,322.0,7899.0,2442.0,0.0,18.0,28.0,335.0,543.0,45.0,27.0
2024-10-04T13:24:46.000-04:00,0,321.0,7918.0,2441.0,0.0,10.0,28.0,328.0,561.0,47.0,27.0
2024-10-04T13:32:32.000-04:00,0,322.0,7981.0,2440.0,0.0,10.0,28.0,335.0,593.0,49.0,27.0
2024-10-04T13:33:11.000-04:00,0,322.0,7981.0,2440.0,0.0,10.0,28.0,335.0,593.0,49.0,27.0
2024-10-04T13:35:27.000-04:00,0,320.0,8012.0,2442.0,0.0,9.0,28.0,339.0,591.0,51.0,27.0
2024-10-04T13:40:07.000-04:00,0,324.0,7875.0,2440.0,0.0,18.0,28.0,333.0,609.0,48.0,27.0
2024-10-04T13:50:14.000-04:00,0,324.0,7978.0,2443.0,0.0,11.0,28.0,336.0,543.0,51.0,27.0
2024-10-04T13:50:44.000-04:00,0,324.0,7978.0,2443.0,0.0,11.0,28.0,336.0,543.0,51.0,27.0
2024-10-04T13:51:59.000-04:00,0,326.0,7982.0,2441.0,0.0,10.0,28.0,329.0,537.0,56.0,27.0
2024-10-04T14:00:46.000-04:00,0,293.0,8157.0,2441.0,0.0,9.0,28.0,337.0,505.0,64.0,26.0
2024-10-04T14:10:01.000-04:00,0,419.0,8192.0,2440.0,0.0,8.0,28.0,323.0,528.0,63.0,27.0
2024-10-04T14:19:38.000-04:00,0,413.0,8246.0,2441.0,0.0,6.0,28.0,327.0,491.0,72.0,28.0
2024-10-04T14:25:46.000-04:00,0,419.0,8276.0,2441.0,0.0,14.0,28.0,326.0,490.0,71.0,27.0
2024-10-04T14:32:31.000-04:00,0,418.0,8346.0,2439.0,0.0,11.0,28.0,320.0,491.0,77.0,29.0
2024-10-04T14:41:48.000-04:00,0,419.0,8375.0,2441.0,0.0,7.0,28.0,329.0,504.0,75.0,28.0
2024-10-04T14:48:40.000-04:00,0,415.0,8366.0,2441.0,0.0,17.0,28.0,331.0,499.0,72.0,28.0
2024-10-04T14:55:01.000-04:00,0,414.0,8366.0,2439.0,0.0,9.0,28.0,330.0,447.0,75.0,28.0
2024-10-04T15:04:29.000-04:00,0,420.0,8412.0,2439.0,0.0,7.0,28.0,330.0,455.0,68.0,28.0
2024-10-04T15:11:26.000-04:00,0,420.0,8454.0,2439.0,0.0,14.0,28.0,335.0,403.0,69.0,27.0
2024-10-04T15:18:57.000-04:00,0,417.0,8547.0,2441.0,0.0,8.0,28.0,330.0,415.0,69.0,27.0
2024-10-04T15:28:16.000-04:00,0,418.0,8549.0,2439.0,0.0,9.0,28.0,332.0,415.0,73.0,28.0
2024-10-04T15:38:23.000-04:00,0,289.0,8654.0,2440.0,0.0,9.0,28.0,328.0,418.0,82.0,28.0
2024-10-04T15:46:50.000-04:00,0,286.0,8671.0,2440.0,0.0,27.0,28.0,330.0,287.0,70.0,28.0
2024-10-04T15:47:34.000-04:00,0,286.0,8668.0,2440.0,0.0,30.0,28.0,333.0,290.0,71.0,28.0
2024-10-04T15:56:55.000-04:00,0,614.0,8679.0,2442.0,0.0,4.0,28.0,337.0,337.0,78.0,29.0
2024-10-04T15:59:22.000-04:00,0,614.0,8679.0,2442.0,0.0,4.0,28.0,337.0,337.0,78.0,29.0
2024-10-04T16:00:06.000-04:00,0,614.0,8679.0,2442.0,0.0,4.0,28.0,337.0,337.0,78.0,29.0
2024-10-04T16:04:36.000-04:00,0,938.0,8493.0,2439.0,0.0,5.0,28.0,328.0,283.0,82.0,28.0
2024-10-04T16:09:15.000-04:00,0,935.0,8387.0,2441.0,0.0,7.0,28.0,328.0,269.0,82.0,28.0
2024-10-04T16:11:38.000-04:00,0,943.0,8321.0,2442.0,0.0,44.0,28.0,331.0,276.0,82.0,28.0
2024-10-04T16:19:43.000-04:00,0,945.0,8548.0,2441.0,0.0,22.0,28.0,335.0,235.0,72.0,28.0
2024-10-04T16:25:56.000-04:00,0,1076.0,8755.0,2442.0,0.0,3.0,28.0,333.0,228.0,73.0,28.0
2024-10-04T16:33:30.000-04:00,0,1076.0,8796.0,2444.0,0.0,4.0,28.0,334.0,222.0,78.0,28.0
2024-10-04T16:39:37.000-04:00,0,1081.0,8857.0,2444.0,0.0,26.0,28.0,331.0,199.0,86.0,28.0
2024-10-04T16:39:48.000-04:00,0,1081.0,8857.0,2444.0,0.0,26.0,28.0,331.0,199.0,86.0,28.0
2024-10-04T16:47:49.000-04:00,0,1149.0,8913.0,2443.0,0.0,7.0,28.0,331.0,181.0,83.0,28.0
2024-10-04T16:58:00.000-04:00,0,1230.0,8995.0,2443.0,0.0,3.0,28.0,325.0,165.0,86.0,28.0
2024-10-04T16:59:31.000-04:00,0,1230.0,8995.0,2443.0,0.0,3.0,28.0,325.0,165.0,86.0,28.0
2024-10-04T17:03:26.000-04:00,0,1261.0,9040.0,2442.0,0.0,3.0,28.0,320.0,143.0,93.0,28.0
2024-10-04T17:10:22.000-04:00,0,1275.0,8920.0,2443.0,0.0,58.0,28.0,323.0,138.0,96.0,28.0
2024-10-04T17:17:40.000-04:00,0,1285.0,9026.0,2443.0,0.0,9.0,28.0,326.0,122.0,95.0,28.0
2024-10-04T17:23:02.000-04:00,0,1365.0,9057.0,2443.0,0.0,9.0,28.0,328.0,99.0,92.0,28.0
2024-10-04T17:31:20.000-04:00,0,1478.0,9065.0,2446.0,0.0,3.0,29.0,330.0,79.0,92.0,28.0
2024-10-04T17:37:27.000-04:00,0,1432.0,9082.0,2444.0,2.0,6.0,29.0,331.0,58.0,95.0,28.0
2024-10-04T17:45:00.000-04:00,0,1476.0,9082.0,2443.0,3.0,31.0,28.0,331.0,53.0,82.0,28.0
2024-10-04T17:47:47.000-04:00,0,1476.0,9082.0,2443.0,3.0,31.0,28.0,331.0,53.0,82.0,28.0
2024-10-04T17:51:53.000-04:00,0,1577.0,9099.0,2443.0,3.0,1.0,29.0,336.0,35.0,91.0,27.0
2024-10-04T17:53:06.000-04:00,0,1577.0,9099.0,2443.0,3.0,1.0,29.0,336.0,35.0,91.0,27.0
2024-10-04T17:57:46.000-04:00,0,1574.0,9107.0,2445.0,3.0,17.0,28.0,334.0,32.0,94.0,28.0
2024-10-04T18:00:45.000-04:00,0,1634.0,8986.0,2443.0,0.0,20.0,28.0,325.0,27.0,97.0,28.0
2024-10-04T18:03:23.000-04:00,0,1637.0,8949.0,2442.0,0.0,17.0,28.0,328.0,26.0,98.0,28.0
2024-10-04T18:05:55.000-04:00,0,1608.0,8900.0,2444.0,0.0,19.0,29.0,331.0,24.0,98.0,28.0
2024-10-04T18:06:21.000-04:00,0,1608.0,8900.0,2444.0,0.0,19.0,29.0,331.0,24.0,98.0,28.0
2024-10-04T18:09:12.000-04:00,0,1559.0,8824.0,2443.0,0.0,21.0,28.0,331.0,22.0,100.0,29.0
2024-10-04T18:12:21.000-04:00,0,1558.0,8794.0,2443.0,0.0,40.0,29.0,331.0,19.0,104.0,28.0
2024-10-04T18:16:34.000-04:00,0,1585.0,8781.0,2441.0,0.0,35.0,29.0,330.0,17.0,108.0,28.0
2024-10-04T18:23:04.000-04:00,0,1642.0,8809.0,2442.0,0.0,22.0,28.0,325.0,15.0,112.0,28.0
2024-10-04T18:27:45.000-04:00,0,1641.0,8809.0,2441.0,0.0,19.0,29.0,331.0,15.0,122.0,28.0
2024-10-04T18:30:10.000-04:00,0,1642.0,8830.0,2441.0,0.0,19.0,29.0,333.0,15.0,119.0,28.0
2024-10-04T18:32:05.000-04:00,0,1642.0,8830.0,2441.0,0.0,19.0,29.0,333.0,15.0,119.0,28.0
2024-10-04T18:40:34.000-04:00,0,1639.0,8921.0,2443.0,0.0,17.0,29.0,335.0,14.0,119.0,28.0
2024-10-04T18:55:03.000-04:00,0,1634.0,9105.0,2441.0,0.0,20.0,29.0,329.0,14.0,129.0,29.0
2024-10-04T18:59:16.000-04:00,0,1464.0,9149.0,2442.0,0.0,17.0,29.0,330.0,14.0,130.0,28.0
2024-10-04T19:04:18.000-04:00,0,1334.0,9147.0,2440.0,0.0,19.0,29.0,332.0,14.0,128.0,28.0
2024-10-04T19:09:53.000-04:00,0,1319.0,9098.0,2442.0,0.0,14.0,29.0,331.0,14.0,127.0,29.0
2024-10-04T19:17:14.000-04:00,0,1319.0,8878.0,2442.0,0.0,24.0,28.0,332.0,15.0,128.0,28.0
2024-10-04T19:25:22.000-04:00,0,1302.0,8856.0,2441.0,0.0,14.0,29.0,329.0,14.0,119.0,28.0
2024-10-04T19:29:31.000-04:00,0,1304.0,8858.0,2443.0,0.0,14.0,28.0,326.0,14.0,120.0,28.0
2024-10-04T19:32:29.000-04:00,0,1303.0,8854.0,2442.0,0.0,14.0,28.0,330.0,15.0,121.0,28.0
2024-10-04T19:39:54.000-04:00,0,1306.0,8880.0,2441.0,0.0,21.0,28.0,326.0,14.0,110.0,27.0
2024-10-04T19:47:46.000-04:00,0,1306.0,8880.0,2441.0,0.0,21.0,28.0,326.0,14.0,110.0,27.0
2024-10-04T19:57:09.000-04:00,0,1270.0,8788.0,2442.0,0.0,22.0,29.0,327.0,14.0,118.0,28.0
2024-10-04T19:59:20.000-04:00,0,1241.0,8762.0,2441.0,0.0,10.0,28.0,332.0,14.0,116.0,27.0
2024-10-04T20:02:47.000-04:00,0,843.0,8829.0,2441.0,0.0,31.0,28.0,332.0,14.0,118.0,27.0
2024-10-04T20:03:45.000-04:00,0,825.0,8871.0,2444.0,0.0,6.0,28.0,334.0,14.0,121.0,27.0
2024-10-04T20:09:28.000-04:00,0,760.0,8774.0,2434.0,0.0,14.0,28.0,333.0,14.0,118.0,27.0
2024-10-04T20:13:28.000-04:00,0,570.0,8765.0,2428.0,0.0,9.0,28.0,330.0,14.0,117.0,25.0
2024-10-04T20:15:40.000-04:00,0,570.0,8765.0,2428.0,0.0,9.0,28.0,330.0,14.0,117.0,25.0
2024-10-04T20:17:15.000-04:00,0,572.0,8793.0,2420.0,0.0,24.0,28.0,327.0,14.0,114.0,26.0
2024-10-04T20:22:43.000-04:00,0,570.0,8769.0,2408.0,0.0,3.0,29.0,328.0,14.0,113.0,26.0
2024-10-04T20:25:53.000-04:00,0,571.0,8751.0,2399.0,0.0,4.0,28.0,330.0,14.0,114.0,26.0
2024-10-04T20:27:34.000-04:00,0,571.0,8751.0,2399.0,0.0,4.0,28.0,330.0,14.0,114.0,26.0
2024-10-04T20:28:44.000-04:00,0,573.0,8727.0,2384.0,0.0,19.0,29.0,333.0,14.0,116.0,26.0
2024-10-04T20:37:01.000-04:00,0,562.0,8712.0,2363.0,0.0,3.0,29.0,334.0,14.0,112.0,26.0
2024-10-04T20:40:11.000-04:00,0,528.0,8706.0,2352.0,0.0,3.0,29.0,336.0,14.0,104.0,26.0
2024-10-04T20:41:16.000-04:00,0,527.0,8702.0,2347.0,0.0,3.0,29.0,335.0,14.0,108.0,26.0
2024-10-04T20:44:08.000-04:00,0,567.0,8710.0,2340.0,0.0,4.0,29.0,334.0,14.0,101.0,27.0
2024-10-04T20:49:06.000-04:00,0,569.0,8708.0,2338.0,0.0,3.0,28.0,334.0,14.0,101.0,26.0
2024-10-04T20:57:15.000-04:00,0,568.0,8776.0,2292.0,0.0,1.0,28.0,330.0,14.0,100.0,26.0
2024-10-04T21:01:47.000-04:00,0,478.0,8747.0,2262.0,0.0,3.0,28.0,327.0,14.0,98.0,25.0
2024-10-04T21:09:04.000-04:00,0,371.0,8537.0,2206.0,0.0,8.0,28.0,321.0,12.0,101.0,27.0
2024-10-04T21:13:51.000-04:00,0,240.0,8612.0,2166.0,0.0,8.0,28.0,322.0,12.0,105.0,26.0
2024-10-04T21:17:31.000-04:00,0,240.0,8651.0,2154.0,0.0,1.0,29.0,319.0,12.0,107.0,26.0
2024-10-04T21:23:43.000-04:00,0,241.0,8673.0,2124.0,0.0,11.0,28.0,321.0,12.0,111.0,26.0
2024-10-04T21:26:03.000-04:00,0,241.0,8656.0,2106.0,0.0,2.0,28.0,318.0,12.0,110.0,26.0
2024-10-04T21:27:22.000-04:00,0,242.0,8605.0,2096.0,0.0,15.0,28.0,320.0,12.0,110.0,26.0
2024-10-04T21:35:38.000-04:00,0,241.0,8565.0,2081.0,0.0,3.0,29.0,325.0,12.0,109.0,26.0
2024-10-04T21:42:16.000-04:00,0,242.0,8553.0,2045.0,0.0,0.0,29.0,327.0,12.0,114.0,26.0
2024-10-04T21:45:31.000-04:00,0,240.0,8462.0,2011.0,0.0,27.0,29.0,333.0,12.0,114.0,26.0
2024-10-04T21:47:54.000-04:00,0,240.0,8462.0,2011.0,0.0,27.0,29.0,333.0,12.0,114.0,26.0
2024-10-04T21:53:31.000-04:00,0,242.0,8486.0,1975.0,0.0,13.0,28.0,331.0,12.0,117.0,26.0
2024-10-04T21:56:35.000-04:00,0,284.0,8546.0,1954.0,0.0,1.0,29.0,333.0,12.0,114.0,27.0
2024-10-04T21:58:40.000-04:00,0,283.0,8463.0,1940.0,0.0,1.0,29.0,337.0,12.0,114.0,26.0
2024-10-04T22:03:33.000-04:00,0,282.0,8402.0,1931.0,0.0,2.0,29.0,336.0,12.0,113.0,25.0
2024-10-04T22:09:14.000-04:00,0,281.0,8401.0,1893.0,0.0,1.0,29.0,329.0,12.0,105.0,26.0
2024-10-04T22:12:29.000-04:00,0,282.0,8396.0,1889.0,0.0,1.0,29.0,330.0,12.0,108.0,26.0
2024-10-04T22:17:02.000-04:00,0,286.0,8200.0,1854.0,0.0,1.0,29.0,339.0,12.0,104.0,26.0
2024-10-04T22:19:04.000-04:00,0,287.0,8198.0,1845.0,0.0,1.0,29.0,340.0,12.0,107.0,26.0
2024-10-04T22:26:33.000-04:00,0,285.0,8067.0,1811.0,0.0,8.0,29.0,335.0,12.0,109.0,26.0
2024-10-04T22:29:44.000-04:00,0,286.0,8051.0,1782.0,0.0,1.0,28.0,330.0,12.0,111.0,26.0
2024-10-04T22:35:21.000-04:00,0,285.0,8044.0,1753.0,0.0,1.0,28.0,335.0,12.0,113.0,26.0
2024-10-04T22:38:14.000-04:00,0,284.0,8018.0,1740.0,0.0,1.0,29.0,337.0,12.0,119.0,26.0
2024-10-04T22:42:39.000-04:00,0,284.0,7952.0,1710.0,0.0,1.0,28.0,332.0,12.0,129.0,26.0
2024-10-04T22:47:24.000-04:00,0,285.0,7932.0,1704.0,0.0,1.0,29.0,331.0,12.0,131.0,27.0
2024-10-04T22:53:23.000-04:00,0,287.0,7929.0,1643.0,0.0,1.0,28.0,326.0,12.0,155.0,26.0
2024-10-04T23:02:40.000-04:00,0,244.0,7783.0,1583.0,0.0,35.0,28.0,331.0,12.0,164.0,26.0
2024-10-04T23:05:18.000-04:00,0,245.0,7741.0,1569.0,0.0,32.0,29.0,330.0,12.0,164.0,25.0
2024-10-04T23:10:46.000-04:00,0,245.0,7839.0,1533.0,0.0,0.0,28.0,332.0,12.0,159.0,26.0
2024-10-04T23:15:23.000-04:00,0,245.0,7846.0,1500.0,0.0,0.0,28.0,332.0,12.0,159.0,26.0
2024-10-04T23:22:48.000-04:00,0,243.0,7624.0,1457.0,0.0,18.0,29.0,321.0,12.0,161.0,25.0
2024-10-04T23:29:53.000-04:00,0,244.0,7530.0,1412.0,0.0,0.0,28.0,324.0,12.0,159.0,26.0
2024-10-04T23:37:57.000-04:00,0,510.0,7232.0,1372.0,0.0,0.0,29.0,328.0,12.0,162.0,26.0
2024-10-04T23:41:19.000-04:00,0,510.0,7232.0,1372.0,0.0,0.0,29.0,328.0,12.0,162.0,26.0
2024-10-04T23:42:23.000-04:00,0,509.0,7298.0,1338.0,0.0,0.0,29.0,337.0,12.0,174.0,26.0
2024-10-04T23:44:07.000-04:00,0,509.0,7290.0,1332.0,0.0,0.0,28.0,337.0,12.0,176.0,26.0
2024-10-04T23:50:14.000-04:00,0,511.0,7218.0,1319.0,0.0,0.0,28.0,338.0,12.0,182.0,27.0
2024-10-04T23:57:09.000-04:00,0,511.0,7205.0,1277.0,0.0,0.0,28.0,329.0,12.0,169.0,26.0
2024-10-04T23:59:58.000-04:00,0,511.0,7205.0,1277.0,0.0,0.0,28.0,329.0,12.0,169.0,26.0
2024-10-05T00:02:10.000-04:00,0,513.0,7086.0,1275.0,0.0,0.0,28.0,335.0,12.0,164.0,26.0
2024-10-05T00:03:14.000-04:00,0,515.0,6947.0,1225.0,0.0,63.0,28.0,335.0,12.0,162.0,26.0
2024-10-05T00:07:54.000-04:00,0,625.0,6980.0,1225.0,0.0,0.0,29.0,333.0,12.0,156.0,26.0
2024-10-05T00:13:00.000-04:00,0,507.0,6878.0,1225.0,0.0,36.0,28.0,336.0,12.0,157.0,26.0
2024-10-05T00:15:25.000-04:00,0,552.0,6737.0,1225.0,0.0,38.0,28.0,340.0,12.0,154.0,26.0
2024-10-05T00:17:45.000-04:00,0,619.0,6659.0,1222.0,0.0,10.0,28.0,340.0,12.0,159.0,26.0
2024-10-05T00:20:03.000-04:00,0,615.0,6683.0,1222.0,0.0,0.0,29.0,341.0,12.0,154.0,26.0
2024-10-05T00:23:33.000-04:00,0,586.0,6698.0,1222.0,0.0,0.0,28.0,342.0,12.0,157.0,26.0
2024-10-05T00:30:35.000-04:00,0,616.0,6664.0,1225.0,0.0,0.0,28.0,338.0,12.0,145.0,26.0
2024-10-05T00:38:08.000-04:00,0,615.0,6687.0,1224.0,0.0,1.0,28.0,339.0,12.0,133.0,26.0
2024-10-05T00:46:40.000-04:00,0,614.0,6660.0,1224.0,0.0,0.0,29.0,344.0,12.0,141.0,26.0
2024-10-05T00:51:18.000-04:00,0,617.0,6652.0,1224.0,0.0,2.0,29.0,347.0,12.0,140.0,26.0
2024-10-05T00:56:39.000-04:00,0,500.0,6618.0,1224.0,0.0,33.0,29.0,344.0,12.0,140.0,26.0
2024-10-05T01:00:02.000-04:00,0,373.0,6735.0,1223.0,0.0,13.0,29.0,342.0,12.0,140.0,26.0
2024-10-05T01:09:21.000-04:00,0,370.0,6676.0,1224.0,0.0,0.0,28.0,344.0,12.0,137.0,26.0
2024-10-05T01:15:00.000-04:00,0,372.0,6733.0,1225.0,0.0,0.0,29.0,348.0,12.0,150.0,25.0
2024-10-05T01:24:20.000-04:00,0,373.0,6734.0,1224.0,0.0,0.0,28.0,347.0,12.0,152.0,26.0
2024-10-05T01:27:21.000-04:00,0,372.0,6716.0,1224.0,0.0,0.0,29.0,348.0,12.0,161.0,25.0
2024-10-05T01:32:04.000-04:00,0,371.0,6682.0,1224.0,0.0,0.0,29.0,350.0,12.0,165.0,26.0
2024-10-05T01:40:11.000-04:00,0,372.0,6624.0,1225.0,0.0,0.0,28.0,341.0,12.0,155.0,25.0
2024-10-05T01:45:53.000-04:00,0,372.0,6628.0,1225.0,0.0,0.0,28.0,340.0,12.0,156.0,27.0
2024-10-05T01:49:08.000-04:00,0,372.0,6628.0,1225.0,0.0,0.0,28.0,340.0,12.0,156.0,27.0
2024-10-05T01:55:50.000-04:00,0,369.0,6582.0,1223.0,0.0,0.0,29.0,341.0,12.0,167.0,25.0
2024-10-05T02:02:45.000-04:00,0,241.0,6447.0,1224.0,0.0,18.0,29.0,344.0,12.0,178.0,27.0
2024-10-05T02:08:55.000-04:00,0,237.0,6390.0,1224.0,0.0,0.0,29.0,334.0,12.0,191.0,27.0
2024-10-05T02:18:55.000-04:00,0,238.0,6365.0,1223.0,0.0,1.0,28.0,341.0,12.0,194.0,26.0
2024-10-05T02:26:51.000-04:00,0,238.0,6348.0,1224.0,0.0,0.0,29.0,333.0,12.0,204.0,26.0
2024-10-05T02:34:12.000-04:00,0,238.0,6313.0,1225.0,0.0,0.0,29.0,338.0,12.0,203.0,26.0
2024-10-05T02:38:26.000-04:00,0,238.0,6313.0,1225.0,0.0,0.0,29.0,338.0,12.0,203.0,26.0
2024-10-05T02:40:52.000-04:00,0,237.0,6229.0,1224.0,0.0,0.0,29.0,335.0,12.0,182.0,27.0
2024-10-05T02:48:18.000-04:00,0,237.0,6354.0,1224.0,0.0,10.0,29.0,333.0,12.0,180.0,26.0
2024-10-05T02:52:35.000-04:00,0,241.0,6380.0,1224.0,0.0,0.0,29.0,340.0,12.0,169.0,27.0
2024-10-05T03:01:00.000-04:00,0,241.0,6380.0,1224.0,0.0,0.0,29.0,340.0,12.0,169.0,27.0
2024-10-05T03:07:51.000-04:00,0,240.0,6474.0,1223.0,0.0,0.0,29.0,336.0,12.0,169.0,27.0
2024-10-05T03:09:22.000-04:00,0,240.0,6474.0,1223.0,0.0,0.0,29.0,336.0,12.0,169.0,27.0
2024-10-05T03:13:11.000-04:00,0,237.0,6558.0,1223.0,0.0,0.0,28.0,341.0,12.0,164.0,26.0
2024-10-05T03:15:06.000-04:00,0,239.0,6584.0,1223.0,0.0,0.0,28.0,339.0,12.0,163.0,27.0
2024-10-05T03:23:49.000-04:00,0,241.0,6542.0,1223.0,0.0,0.0,28.0,336.0,12.0,165.0,27.0
2024-10-05T03:31:22.000-04:00,0,240.0,6533.0,1223.0,0.0,0.0,29.0,340.0,12.0,180.0,27.0
2024-10-05T03:37:49.000-04:00,0,240.0,6528.0,1224.0,0.0,0.0,29.0,335.0,12.0,185.0,26.0
2024-10-05T03:41:01.000-04:00,0,242.0,6523.0,1223.0,0.0,0.0,29.0,340.0,12.0,186.0,26.0
2024-10-05T03:48:08.000-04:00,0,242.0,6487.0,1223.0,0.0,0.0,28.0,344.0,12.0,187.0,27.0
2024-10-05T03:52:46.000-04:00,0,245.0,6503.0,1223.0,0.0,0.0,28.0,340.0,12.0,203.0,26.0
2024-10-05T03:58:37.000-04:00,0,244.0,6511.0,1223.0,0.0,0.0,29.0,341.0,12.0,202.0,27.0
2024-10-05T04:01:30.000-04:00,0,244.0,6511.0,1223.0,0.0,0.0,29.0,341.0,12.0,202.0,27.0
2024-10-05T04:07:00.000-04:00,0,251.0,6641.0,1223.0,0.0,78.0,29.0,337.0,12.0,204.0,26.0
2024-10-05T04:10:17.000-04:00,0,300.0,6653.0,1223.0,0.0,0.0,28.0,339.0,12.0,209.0,27.0
2024-10-05T04:12:33.000-04:00,0,300.0,6653.0,1223.0,0.0,0.0,28.0,339.0,12.0,209.0,27.0
2024-10-05T04:13:18.000-04:00,0,292.0,6644.0,1223.0,0.0,0.0,29.0,338.0,12.0,210.0,26.0
2024-10-05T04:16:52.000-04:00,0,275.0,6619.0,1223.0,0.0,0.0,29.0,341.0,12.0,215.0,26.0
2024-10-05T04:20:21.000-04:00,0,276.0,6604.0,1223.0,0.0,1.0,29.0,343.0,12.0,217.0,27.0
2024-10-05T04:25:15.000-04:00,0,264.0,6603.0,1223.0,0.0,0.0,29.0,343.0,12.0,225.0,26.0
2024-10-05T04:27:36.000-04:00,0,264.0,6603.0,1223.0,0.0,0.0,29.0,343.0,12.0,225.0,26.0
2024-10-05T04:31:00.000-04:00,0,261.0,6583.0,1222.0,0.0,4.0,29.0,346.0,12.0,232.0,25.0
2024-10-05T04:39:21.000-04:00,0,261.0,6635.0,1222.0,0.0,0.0,29.0,343.0,12.0,243.0,25.0
2024-10-05T04:39:31.000-04:00,0,261.0,6635.0,1222.0,0.0,0.0,29.0,343.0,12.0,243.0,25.0
2024-10-05T04:41:04.000-04:00,0,260.0,6653.0,1223.0,0.0,0.0,28.0,344.0,12.0,246.0,25.0
2024-10-05T04:41:38.000-04:00,0,260.0,6653.0,1223.0,0.0,0.0,28.0,344.0,12.0,246.0,25.0
2024-10-05T04:48:09.000-04:00,0,260.0,6617.0,1223.0,0.0,0.0,29.0,338.0,12.0,241.0,26.0
2024-10-05T04:54:37.000-04:00,0,262.0,6548.0,1224.0,0.0,4.0,28.0,342.0,12.0,239.0,25.0
2024-10-05T04:58:43.000-04:00,0,258.0,6650.0,1225.0,0.0,0.0,29.0,344.0,12.0,236.0,25.0
2024-10-05T05:03:42.000-04:00,0,258.0,6639.0,1225.0,0.0,0.0,28.0,347.0,12.0,234.0,25.0
2024-10-05T05:10:15.000-04:00,0,256.0,6618.0,1224.0,0.0,0.0,29.0,337.0,12.0,223.0,25.0
2024-10-05T05:17:04.000-04:00,0,258.0,6666.0,1224.0,0.0,0.0,29.0,340.0,12.0,218.0,25.0
2024-10-05T05:22:54.000-04:00,0,257.0,6768.0,1224.0,0.0,0.0,29.0,344.0,12.0,228.0,25.0
2024-10-05T05:28:00.000-04:00,0,258.0,6812.0,1223.0,0.0,0.0,29.0,340.0,12.0,230.0,25.0
2024-10-05T05:28:26.000-04:00,0,258.0,6812.0,1223.0,0.0,0.0,29.0,340.0,12.0,230.0,25.0
2024-10-05T05:30:57.000-04:00,0,258.0,6819.0,1223.0,0.0,0.0,29.0,342.0,12.0,232.0,26.0
2024-10-05T05:33:57.000-04:00,0,258.0,6816.0,1224.0,0.0,5.0,29.0,344.0,12.0,239.0,26.0
2024-10-05T05:39:05.000-04:00,0,259.0,6940.0,1224.0,0.0,0.0,28.0,338.0,12.0,248.0,26.0
2024-10-05T05:41:50.000-04:00,0,258.0,6955.0,1224.0,0.0,0.0,29.0,340.0,12.0,248.0,26.0
2024-10-05T05:43:16.000-04:00,0,258.0,6955.0,1224.0,0.0,0.0,29.0,340.0,12.0,248.0,26.0
2024-10-05T05:46:39.000-04:00,0,258.0,6945.0,1224.0,0.0,0.0,29.0,334.0,12.0,241.0,26.0
2024-10-05T05:50:49.000-04:00,0,257.0,6927.0,1225.0,0.0,2.0,29.0,341.0,12.0,235.0,26.0
2024-10-05T05:55:57.000-04:00,0,260.0,7047.0,1225.0,0.0,1.0,29.0,340.0,12.0,244.0,26.0
2024-10-05T05:58:51.000-04:00,0,273.0,6985.0,1225.0,0.0,2.0,29.0,336.0,12.0,244.0,26.0
2024-10-05T06:01:26.000-04:00,0,270.0,6977.0,1225.0,0.0,44.0,29.0,333.0,12.0,239.0,26.0
2024-10-05T06:07:17.000-04:00,0,275.0,7150.0,1225.0,0.0,1.0,29.0,336.0,12.0,247.0,26.0
2024-10-05T06:10:45.000-04:00,0,274.0,7209.0,1224.0,0.0,1.0,29.0,340.0,12.0,254.0,26.0
2024-10-05T06:13:44.000-04:00,0,272.0,7213.0,1224.0,0.0,1.0,29.0,339.0,12.0,254.0,26.0
2024-10-05T06:20:03.000-04:00,0,275.0,7282.0,1224.0,0.0,1.0,29.0,335.0,12.0,274.0,26.0
2024-10-05T06:24:45.000-04:00,0,272.0,7329.0,1224.0,0.0,1.0,29.0,340.0,12.0,291.0,26.0
2024-10-05T06:28:17.000-04:00,0,274.0,7377.0,1225.0,0.0,5.0,29.0,335.0,12.0,291.0,26.0
2024-10-05T06:38:01.000-04:00,0,273.0,7412.0,1224.0,0.0,11.0,29.0,345.0,12.0,286.0,26.0
2024-10-05T06:39:17.000-04:00,0,273.0,7417.0,1226.0,0.0,5.0,29.0,342.0,12.0,295.0,26.0
2024-10-05T06:44:14.000-04:00,0,272.0,7346.0,1225.0,0.0,0.0,29.0,328.0,12.0,299.0,26.0
2024-10-05T06:47:33.000-04:00,0,274.0,7293.0,1225.0,0.0,0.0,28.0,326.0,12.0,311.0,26.0
2024-10-05T06:52:52.000-04:00,0,272.0,7205.0,1225.0,0.0,12.0,29.0,336.0,12.0,314.0,25.0
2024-10-05T07:03:40.000-04:00,0,273.0,7287.0,1224.0,0.0,6.0,28.0,340.0,12.0,312.0,26.0
2024-10-05T07:08:01.000-04:00,0,272.0,7400.0,1225.0,0.0,2.0,29.0,332.0,14.0,309.0,26.0
2024-10-05T07:11:03.000-04:00,0,272.0,7448.0,1225.0,0.0,4.0,28.0,338.0,16.0,318.0,26.0
2024-10-05T07:11:56.000-04:00,0,272.0,7453.0,1225.0,0.0,3.0,29.0,339.0,17.0,321.0,26.0
2024-10-05T07:14:40.000-04:00,0,272.0,7458.0,1225.0,0.0,4.0,28.0,337.0,18.0,316.0,26.0
2024-10-05T07:17:12.000-04:00,0,269.0,7446.0,1224.0,0.0,3.0,29.0,338.0,20.0,336.0,26.0
2024-10-05T07:23:43.000-04:00,0,269.0,7304.0,1224.0,0.0,5.0,29.0,335.0,26.0,347.0,25.0
2024-10-05T07:32:20.000-04:00,0,305.0,7348.0,1226.0,0.0,3.0,29.0,333.0,32.0,323.0,25.0
2024-10-05T07:35:26.000-04:00,0,307.0,7539.0,1224.0,0.0,3.0,28.0,337.0,37.0,320.0,26.0
2024-10-05T07:40:19.000-04:00,0,307.0,7586.0,1224.0,0.0,2.0,29.0,334.0,45.0,306.0,26.0
2024-10-05T07:48:37.000-04:00,0,269.0,7525.0,1224.0,0.0,3.0,29.0,338.0,57.0,298.0,26.0
2024-10-05T07:51:48.000-04:00,0,270.0,7516.0,1224.0,0.0,16.0,29.0,337.0,61.0,284.0,26.0
2024-10-05T07:55:54.000-04:00,0,537.0,7430.0,1225.0,0.0,1.0,28.0,340.0,68.0,275.0,26.0
2024-10-05T08:07:25.000-04:00,0,580.0,7582.0,1224.0,0.0,11.0,28.0,339.0,80.0,277.0,26.0
2024-10-05T08:08:42.000-04:00,0,651.0,7728.0,1226.0,0.0,1.0,29.0,336.0,89.0,281.0,26.0
2024-10-05T08:09:50.000-04:00,0,705.0,7750.0,1223.0,0.0,1.0,29.0,334.0,93.0,285.0,25.0
2024-10-05T08:14:23.000-04:00,0,612.0,7756.0,1223.0,0.0,1.0,28.0,334.0,105.0,283.0,25.0
2024-10-05T08:23:06.000-04:00,0,581.0,7842.0,1225.0,0.0,1.0,28.0,332.0,117.0,268.0,25.0
2024-10-05T08:28:15.000-04:00,0,540.0,7748.0,1225.0,0.0,11.0,28.0,334.0,127.0,267.0,26.0
2024-10-05T08:31:42.000-04:00,0,540.0,7752.0,1225.0,0.0,7.0,29.0,333.0,128.0,260.0,26.0
2024-10-05T08:38:41.000-04:00,0,543.0,7746.0,1225.0,0.0,1.0,28.0,334.0,149.0,253.0,26.0
2024-10-05T08:48:20.000-04:00,0,542.0,7671.0,1223.0,0.0,2.0,28.0,336.0,142.0,258.0,25.0
2024-10-05T08:53:24.000-04:00,0,534.0,7637.0,1223.0,0.0,2.0,28.0,336.0,147.0,254.0,26.0
2024-10-05T09:03:56.000-04:00,0,534.0,7637.0,1223.0,0.0,2.0,28.0,336.0,147.0,254.0,26.0
2024-10-05T09:04:59.000-04:00,0,405.0,7667.0,1225.0,0.0,3.0,28.0,339.0,176.0,222.0,26.0
2024-10-05T09:07:35.000-04:00,0,406.0,7674.0,1225.0,0.0,3.0,28.0,339.0,193.0,222.0,26.0
2024-10-05T09:14:10.000-04:00,0,403.0,7497.0,1224.0,0.0,4.0,28.0,337.0,227.0,231.0,25.0
2024-10-05T09:16:30.000-04:00,0,403.0,7501.0,1224.0,0.0,5.0,28.0,343.0,248.0,231.0,26.0
2024-10-05T09:22:09.000-04:00,0,415.0,7307.0,1223.0,0.0,27.0,28.0,345.0,255.0,236.0,25.0
2024-10-05T09:32:05.000-04:00,0,285.0,6993.0,1223.0,0.0,33.0,28.0,340.0,267.0,245.0,26.0
2024-10-05T09:36:33.000-04:00,0,284.0,6904.0,1223.0,0.0,9.0,28.0,334.0,295.0,226.0,26.0
2024-10-05T09:39:42.000-04:00,0,285.0,6873.0,1223.0,0.0,14.0,28.0,330.0,291.0,226.0,26.0
2024-10-05T09:43:06.000-04:00,0,284.0,6845.0,1224.0,0.0,4.0,29.0,341.0,318.0,227.0,25.0
2024-10-05T09:49:06.000-04:00,0,284.0,6848.0,1224.0,0.0,4.0,29.0,342.0,307.0,228.0,26.0
2024-10-05T09:53:43.000-04:00,0,286.0,6852.0,1222.0,0.0,3.0,28.0,336.0,331.0,223.0,25.0
2024-10-05T10:00:15.000-04:00,0,322.0,6983.0,1223.0,0.0,5.0,28.0,333.0,350.0,232.0,25.0
2024-10-05T10:03:42.000-04:00,0,320.0,6828.0,1225.0,0.0,7.0,28.0,334.0,398.0,232.0,25.0
2024-10-05T10:09:01.000-04:00,0,321.0,6724.0,1225.0,0.0,20.0,29.0,336.0,412.0,227.0,26.0
2024-10-05T10:17:29.000-04:00,0,321.0,6715.0,1214.0,0.0,12.0,29.0,324.0,395.0,223.0,25.0
2024-10-05T10:23:35.000-04:00,0,322.0,6656.0,1215.0,0.0,19.0,28.0,327.0,419.0,221.0,25.0
2024-10-05T10:29:50.000-04:00,0,321.0,6527.0,1207.0,0.0,7.0,28.0,340.0,502.0,215.0,25.0
2024-10-05T10:32:05.000-04:00,0,321.0,6517.0,1211.0,0.0,10.0,28.0,339.0,497.0,215.0,25.0
2024-10-05T10:35:43.000-04:00,0,321.0,6567.0,1216.0,0.0,17.0,28.0,339.0,520.0,216.0,25.0
2024-10-05T10:40:18.000-04:00,0,325.0,6469.0,1219.0,0.0,11.0,28.0,334.0,516.0,225.0,25.0
2024-10-05T10:50:51.000-04:00,0,324.0,6362.0,1227.0,0.0,11.0,28.0,333.0,610.0,220.0,25.0
2024-10-05T10:52:38.000-04:00,0,324.0,6337.0,1227.0,0.0,11.0,28.0,337.0,606.0,218.0,25.0
2024-10-05T10:56:31.000-04:00,0,324.0,6173.0,1226.0,0.0,24.0,28.0,339.0,606.0,215.0,26.0
2024-10-05T11:00:24.000-04:00,0,329.0,6329.0,1226.0,0.0,72.0,28.0,334.0,581.0,224.0,25.0
2024-10-05T11:01:59.000-04:00,0,327.0,6402.0,1226.0,0.0,24.0,28.0,331.0,557.0,230.0,25.0
2024-10-05T11:08:32.000-04:00,0,328.0,6425.0,1211.0,0.0,12.0,28.0,331.0,570.0,235.0,25.0
2024-10-05T11:12:49.000-04:00,0,326.0,6629.0,1218.0,0.0,11.0,28.0,336.0,566.0,231.0,25.0
2024-10-05T11:19:48.000-04:00,0,325.0,6680.0,1211.0,0.0,11.0,28.0,336.0,597.0,227.0,25.0
2024-10-05T11:22:52.000-04:00,0,328.0,6733.0,1215.0,0.0,35.0,28.0,334.0,595.0,221.0,25.0
2024-10-05T11:26:53.000-04:00,0,327.0,6682.0,1219.0,0.0,12.0,28.0,338.0,598.0,228.0,25.0
2024-10-05T11:29:59.000-04:00,0,328.0,6671.0,1219.0,0.0,11.0,28.0,339.0,620.0,221.0,25.0
2024-10-05T11:32:24.000-04:00,0,328.0,6659.0,1223.0,0.0,11.0,28.0,338.0,628.0,222.0,26.0
2024-10-05T11:38:15.000-04:00,0,326.0,6541.0,1227.0,0.0,11.0,28.0,331.0,615.0,227.0,25.0
2024-10-05T11:41:32.000-04:00,0,328.0,6442.0,1229.0,0.0,20.0,29.0,327.0,602.0,219.0,25.0
2024-10-05T11:46:22.000-04:00,0,327.0,6422.0,1229.0,0.0,11.0,29.0,335.0,611.0,225.0,25.0
2024-10-05T11:51:26.000-04:00,0,325.0,6562.0,1227.0,0.0,11.0,28.0,331.0,629.0,213.0,25.0
2024-10-05T11:55:25.000-04:00,0,328.0,6685.0,1230.0,0.0,11.0,28.0,331.0,641.0,227.0,25.0
2024-10-05T11:58:13.000-04:00,0,328.0,6663.0,1230.0,0.0,11.0,28.0,330.0,645.0,245.0,25.0
2024-10-05T12:01:20.000-04:00,0,328.0,6572.0,1230.0,0.0,24.0,28.0,333.0,651.0,242.0,25.0
2024-10-05T12:04:36.000-04:00,0,323.0,6633.0,1231.0,0.0,15.0,28.0,337.0,649.0,248.0,25.0
2024-10-05T12:07:14.000-04:00,0,324.0,6695.0,1231.0,0.0,10.0,29.0,334.0,653.0,247.0,26.0
2024-10-05T12:10:36.000-04:00,0,324.0,6714.0,1231.0,0.0,14.0,29.0,330.0,647.0,247.0,26.0
2024-10-05T12:13:53.000-04:00,0,322.0,6731.0,1231.0,0.0,11.0,29.0,330.0,638.0,248.0,25.0
2024-10-05T12:17:06.000-04:00,0,323.0,6751.0,1231.0,0.0,13.0,29.0,345.0,631.0,245.0,25.0
2024-10-05T12:22:47.000-04:00,0,324.0,6789.0,1231.0,0.0,19.0,29.0,335.0,635.0,236.0,25.0
2024-10-05T12:25:18.000-04:00,0,323.0,6842.0,1230.0,0.0,17.0,29.0,331.0,626.0,225.0,25.0
2024-10-05T12:30:11.000-04:00,0,322.0,6920.0,1230.0,0.0,15.0,29.0,339.0,604.0,213.0,26.0
2024-10-05T12:36:33.000-04:00,0,322.0,6968.0,1230.0,0.0,11.0,28.0,344.0,600.0,216.0,25.0
2024-10-05T12:44:35.000-04:00,0,322.0,6944.0,1229.0,0.0,11.0,28.0,339.0,617.0,226.0,26.0
2024-10-05T12:50:07.000-04:00,0,325.0,6927.0,1228.0,0.0,10.0,28.0,339.0,619.0,242.0,25.0
2024-10-05T12:51:50.000-04:00,0,324.0,6915.0,1228.0,0.0,7.0,28.0,341.0,632.0,239.0,25.0
2024-10-05T12:55:30.000-04:00,0,322.0,6910.0,1227.0,0.0,8.0,28.0,338.0,616.0,250.0,25.0
2024-10-05T12:56:58.000-04:00,0,324.0,6914.0,1227.0,0.0,9.0,28.0,339.0,630.0,253.0,26.0
2024-10-05T13:00:24.000-04:00,0,321.0,6885.0,1227.0,0.0,10.0,28.0,338.0,630.0,256.0,25.0
2024-10-05T13:04:32.000-04:00,0,306.0,6863.0,1226.0,0.0,50.0,28.0,339.0,634.0,257.0,25.0
2024-10-05T13:06:57.000-04:00,0,302.0,6884.0,1226.0,0.0,43.0,28.0,339.0,623.0,263.0,26.0
2024-10-05T13:11:28.000-04:00,0,300.0,6914.0,1225.0,0.0,11.0,28.0,340.0,623.0,286.0,25.0
2024-10-05T13:16:56.000-04:00,0,301.0,6909.0,1225.0,0.0,13.0,28.0,344.0,625.0,283.0,25.0
2024-10-05T13:21:48.000-04:00,0,298.0,6890.0,1230.0,0.0,11.0,28.0,347.0,646.0,287.0,26.0
2024-10-05T13:24:08.000-04:00,0,298.0,6875.0,1228.0,0.0,10.0,28.0,347.0,622.0,298.0,25.0
2024-10-05T13:27:31.000-04:00,0,299.0,6738.0,1225.0,0.0,61.0,28.0,345.0,626.0,287.0,26.0
2024-10-05T13:29:42.000-04:00,0,300.0,6740.0,1225.0,0.0,29.0,28.0,343.0,631.0,291.0,26.0
2024-10-05T13:36:34.000-04:00,0,298.0,6871.0,1227.0,0.0,10.0,28.0,343.0,572.0,295.0,25.0
2024-10-05T13:39:26.000-04:00,0,298.0,6863.0,1226.0,0.0,11.0,28.0,343.0,579.0,296.0,25.0
2024-10-05T13:43:51.000-04:00,0,297.0,6864.0,1226.0,0.0,10.0,28.0,338.0,566.0,313.0,25.0
2024-10-05T13:53:13.000-04:00,0,295.0,6822.0,1227.0,0.0,25.0,28.0,339.0,548.0,313.0,25.0
2024-10-05T13:59:45.000-04:00,0,299.0,6892.0,1227.0,0.0,10.0,28.0,341.0,581.0,306.0,25.0
2024-10-05T13:59:46.000-04:00,0,299.0,6892.0,1227.0,0.0,10.0,28.0,341.0,581.0,306.0,25.0
2024-10-05T14:01:39.000-04:00,0,295.0,6903.0,1226.0,0.0,9.0,28.0,339.0,605.0,310.0,25.0
2024-10-05T14:08:39.000-04:00,0,297.0,6906.0,1226.0,0.0,21.0,28.0,334.0,617.0,299.0,26.0
2024-10-05T14:10:12.000-04:00,0,295.0,6916.0,1227.0,0.0,23.0,28.0,334.0,615.0,304.0,26.0
2024-10-05T14:18:06.000-04:00,0,292.0,6942.0,1228.0,0.0,15.0,28.0,333.0,574.0,321.0,26.0
2024-10-05T14:23:52.000-04:00,0,292.0,6952.0,1228.0,0.0,11.0,28.0,334.0,656.0,342.0,25.0
2024-10-05T14:33:55.000-04:00,0,289.0,6884.0,1227.0,0.0,10.0,28.0,339.0,611.0,388.0,25.0
2024-10-05T14:38:26.000-04:00,0,288.0,6947.0,1227.0,0.0,10.0,28.0,340.0,552.0,376.0,25.0
2024-10-05T14:45:44.000-04:00,0,287.0,7023.0,1227.0,0.0,12.0,28.0,335.0,579.0,377.0,25.0
2024-10-05T14:52:11.000-04:00,0,290.0,7036.0,1226.0,0.0,33.0,28.0,331.0,582.0,382.0,25.0
2024-10-05T14:54:45.000-04:00,0,290.0,7039.0,1226.0,0.0,29.0,28.0,331.0,549.0,368.0,24.0
2024-10-05T14:56:15.000-04:00,0,293.0,7041.0,1226.0,0.0,32.0,28.0,331.0,535.0,377.0,25.0
2024-10-05T15:04:15.000-04:00,0,315.0,7146.0,1226.0,0.0,17.0,28.0,333.0,535.0,353.0,25.0
2024-10-05T15:09:56.000-04:00,0,315.0,7129.0,1226.0,0.0,18.0,28.0,335.0,527.0,349.0,25.0
2024-10-05T15:17:41.000-04:00,0,311.0,7216.0,1227.0,0.0,33.0,28.0,341.0,483.0,372.0,25.0
2024-10-05T15:22:57.000-04:00,0,309.0,7272.0,1227.0,0.0,10.0,28.0,342.0,495.0,351.0,25.0
2024-10-05T15:25:09.000-04:00,0,311.0,7290.0,1226.0,0.0,10.0,28.0,344.0,513.0,375.0,25.0
2024-10-05T15:30:18.000-04:00,0,312.0,7146.0,1231.0,0.0,10.0,28.0,343.0,491.0,365.0,25.0
2024-10-05T15:31:20.000-04:00,0,309.0,7112.0,1231.0,0.0,10.0,28.0,343.0,503.0,379.0,25.0
2024-10-05T15:36:48.000-04:00,0,310.0,7262.0,1230.0,0.0,13.0,28.0,343.0,444.0,390.0,26.0
2024-10-05T15:40:46.000-04:00,0,311.0,7304.0,1230.0,0.0,16.0,28.0,342.0,443.0,407.0,26.0
2024-10-05T15:47:17.000-04:00,0,315.0,7459.0,1230.0,0.0,19.0,28.0,339.0,375.0,413.0,26.0
2024-10-05T15:52:28.000-04:00,0,354.0,7439.0,1230.0,0.0,24.0,28.0,345.0,357.0,424.0,27.0
2024-10-05T16:01:30.000-04:00,0,496.0,7428.0,1229.0,0.0,20.0,28.0,337.0,346.0,411.0,26.0
2024-10-05T16:03:32.000-04:00,0,497.0,7483.0,1227.0,0.0,11.0,28.0,336.0,346.0,415.0,26.0
2024-10-05T16:07:06.000-04:00,0,500.0,7596.0,1227.0,0.0,22.0,28.0,337.0,326.0,420.0,25.0
2024-10-05T16:08:00.000-04:00,0,499.0,7632.0,1227.0,0.0,30.0,28.0,338.0,334.0,421.0,26.0
2024-10-05T16:13:31.000-04:00,0,499.0,7808.0,1228.0,0.0,9.0,28.0,335.0,322.0,428.0,25.0
2024-10-05T16:20:30.000-04:00,0,500.0,7854.0,1225.0,0.0,9.0,28.0,337.0,304.0,442.0,26.0
2024-10-05T16:24:41.000-04:00,0,531.0,7887.0,1226.0,0.0,8.0,29.0,339.0,310.0,429.0,25.0
2024-10-05T16:35:41.000-04:00,0,676.0,7987.0,1226.0,0.0,8.0,28.0,337.0,270.0,435.0,26.0
2024-10-05T16:37:33.000-04:00,0,680.0,8014.0,1226.0,0.0,11.0,28.0,336.0,261.0,422.0,26.0
2024-10-05T16:47:09.000-04:00,0,746.0,8029.0,1227.0,0.0,6.0,28.0,337.0,243.0,465.0,26.0
2024-10-05T16:50:48.000-04:00,0,690.0,7914.0,1227.0,0.0,33.0,28.0,339.0,240.0,464.0,26.0
2024-10-05T16:52:20.000-04:00,0,690.0,7914.0,1227.0,0.0,33.0,28.0,339.0,240.0,464.0,26.0
2024-10-05T16:53:55.000-04:00,0,940.0,7716.0,1227.0,0.0,65.0,28.0,338.0,225.0,464.0,26.0
2024-10-05T17:01:22.000-04:00,0,1338.0,7538.0,1226.0,0.0,27.0,28.0,331.0,189.0,457.0,26.0
2024-10-05T17:10:10.000-04:00,0,1449.0,7873.0,1226.0,0.0,3.0,28.0,339.0,158.0,483.0,26.0
2024-10-05T17:12:03.000-04:00,0,1450.0,7972.0,1227.0,0.0,3.0,28.0,337.0,146.0,478.0,26.0
2024-10-05T17:15:11.000-04:00,0,1448.0,7984.0,1227.0,0.0,3.0,28.0,337.0,142.0,484.0,26.0
2024-10-05T17:20:16.000-04:00,0,1475.0,8045.0,1226.0,0.0,57.0,28.0,338.0,116.0,500.0,26.0
2024-10-05T17:22:10.000-04:00,0,1478.0,8062.0,1226.0,0.0,55.0,28.0,337.0,111.0,512.0,27.0
2024-10-05T17:27:58.000-04:00,0,1570.0,8142.0,1231.0,0.0,18.0,28.0,337.0,93.0,511.0,26.0
2024-10-05T17:38:05.000-04:00,0,1615.0,8458.0,1227.0,0.0,1.0,28.0,343.0,67.0,500.0,26.0
2024-10-05T17:40:20.000-04:00,0,1621.0,8481.0,1228.0,0.0,3.0,28.0,336.0,60.0,500.0,27.0
2024-10-05T17:42:04.000-04:00,0,1632.0,8482.0,1228.0,0.0,2.0,28.0,331.0,57.0,490.0,26.0
2024-10-05T17:46:21.000-04:00,0,1663.0,8497.0,1228.0,0.0,3.0,28.0,331.0,50.0,481.0,27.0
2024-10-05T17:52:03.000-04:00,0,1667.0,8505.0,1228.0,0.0,2.0,28.0,345.0,38.0,499.0,26.0
2024-10-05T17:58:44.000-04:00,0,1735.0,8339.0,1230.0,0.0,21.0,28.0,341.0,29.0,479.0,26.0
2024-10-05T18:08:26.000-04:00,0,1810.0,8379.0,1231.0,0.0,9.0,28.0,334.0,21.0,468.0,27.0
2024-10-05T18:13:36.000-04:00,0,1812.0,8319.0,1230.0,0.0,30.0,28.0,332.0,19.0,462.0,25.0
2024-10-05T18:21:47.000-04:00,0,1823.0,8426.0,1230.0,0.0,17.0,28.0,338.0,16.0,492.0,26.0
2024-10-05T18:31:02.000-04:00,0,1811.0,8482.0,1227.0,0.0,25.0,28.0,341.0,16.0,490.0,26.0
2024-10-05T18:37:14.000-04:00,0,1837.0,8522.0,1230.0,0.0,13.0,28.0,344.0,16.0,500.0,26.0
2024-10-05T18:39:20.000-04:00,0,1843.0,8541.0,1230.0,0.0,13.0,28.0,343.0,16.0,496.0,26.0
2024-10-05T18:46:53.000-04:00,0,1982.0,8562.0,1230.0,2.0,9.0,28.0,343.0,16.0,480.0,26.0
2024-10-05T18:53:07.000-04:00,0,2024.0,8593.0,1231.0,2.0,23.0,28.0,345.0,16.0,462.0,27.0
2024-10-05T19:00:36.000-04:00,0,1893.0,8613.0,1231.0,2.0,21.0,28.0,339.0,16.0,470.0,26.0
2024-10-05T19:08:32.000-04:00,0,1685.0,8564.0,1231.0,2.0,30.0,28.0,346.0,16.0,450.0,27.0
2024-10-05T19:16:04.000-04:00,0,1525.0,8521.0,1230.0,2.0,22.0,28.0,343.0,16.0,425.0,26.0
2024-10-05T19:23:14.000-04:00,0,1516.0,8481.0,1230.0,2.0,18.0,28.0,345.0,16.0,426.0,26.0
2024-10-05T19:34:08.000-04:00,0,1519.0,8354.0,1231.0,2.0,19.0,28.0,343.0,16.0,452.0,27.0
2024-10-05T19:47:32.000-04:00,0,1503.0,8377.0,1230.0,2.0,15.0,28.0,343.0,16.0,440.0,26.0
2024-10-05T19:53:39.000-04:00,0,1146.0,8382.0,1230.0,0.0,53.0,28.0,350.0,16.0,452.0,27.0
2024-10-05T19:56:29.000-04:00,0,969.0,8465.0,1230.0,0.0,7.0,28.0,342.0,16.0,453.0,27.0
2024-10-05T20:01:08.000-04:00,0,1045.0,8539.0,1230.0,0.0,2.0,28.0,338.0,14.0,452.0,26.0
2024-10-05T20:08:48.000-04:00,0,765.0,8590.0,1229.0,0.0,2.0,28.0,341.0,14.0,450.0,28.0
2024-10-05T20:19:32.000-04:00,0,727.0,8596.0,1229.0,0.0,3.0,28.0,350.0,14.0,424.0,27.0
2024-10-05T20:29:07.000-04:00,0,599.0,8595.0,1229.0,0.0,3.0,28.0,349.0,14.0,416.0,26.0
2024-10-05T20:37:52.000-04:00,0,564.0,8548.0,1230.0,0.0,8.0,28.0,343.0,14.0,390.0,26.0
2024-10-05T20:47:53.000-04:00,0,563.0,8425.0,1229.0,0.0,1.0,28.0,348.0,14.0,370.0,26.0
2024-10-05T20:52:45.000-04:00,0,561.0,8455.0,1229.0,0.0,3.0,28.0,347.0,14.0,385.0,26.0
2024-10-05T20:59:37.000-04:00,0,399.0,8511.0,1230.0,0.0,3.0,28.0,345.0,14.0,396.0,26.0
2024-10-05T21:09:04.000-04:00,0,391.0,8361.0,1230.0,0.0,5.0,28.0,344.0,13.0,386.0,27.0
2024-10-05T21:17:51.000-04:00,0,391.0,8270.0,1230.0,0.0,10.0,28.0,337.0,13.0,381.0,27.0
2024-10-05T21:23:02.000-04:00,0,392.0,8158.0,1230.0,0.0,4.0,28.0,341.0,13.0,385.0,26.0
2024-10-05T21:33:15.000-04:00,0,259.0,8271.0,1230.0,0.0,3.0,28.0,352.0,13.0,389.0,27.0
2024-10-05T21:40:36.000-04:00,0,259.0,8141.0,1230.0,0.0,3.0,28.0,341.0,13.0,387.0,26.0
2024-10-05T21:48:32.000-04:00,0,255.0,8066.0,1228.0,0.0,8.0,28.0,345.0,13.0,386.0,26.0
2024-10-05T21:52:51.000-04:00,0,255.0,8086.0,1228.0,0.0,1.0,28.0,344.0,13.0,383.0,27.0
2024-10-05T22:00:05.000-04:00,0,254.0,7950.0,1229.0,0.0,16.0,28.0,343.0,13.0,394.0,26.0
2024-10-05T22:02:10.000-04:00,0,256.0,8012.0,1229.0,0.0,13.0,28.0,347.0,12.0,389.0,27.0
2024-10-05T22:05:37.000-04:00,0,254.0,8025.0,1229.0,0.0,9.0,28.0,347.0,12.0,391.0,26.0
2024-10-05T22:12:10.000-04:00,0,339.0,7968.0,1229.0,0.0,1.0,28.0,349.0,12.0,392.0,26.0
2024-10-05T22:16:17.000-04:00,0,392.0,8013.0,1229.0,0.0,1.0,28.0,350.0,12.0,387.0,27.0
2024-10-05T22:17:33.000-04:00,0,392.0,8013.0,1229.0,0.0,1.0,28.0,350.0,12.0,387.0,27.0
2024-10-05T22:26:27.000-04:00,0,436.0,7515.0,1230.0,0.0,50.0,28.0,350.0,12.0,405.0,26.0
2024-10-05T22:36:52.000-04:00,0,350.0,7498.0,1228.0,0.0,1.0,28.0,344.0,12.0,391.0,26.0
2024-10-05T22:46:55.000-04:00,0,256.0,7520.0,1228.0,0.0,8.0,28.0,348.0,12.0,371.0,26.0
2024-10-05T22:52:24.000-04:00,0,259.0,7458.0,1228.0,0.0,15.0,28.0,341.0,12.0,369.0,27.0
2024-10-05T22:55:04.000-04:00,0,258.0,7428.0,1231.0,0.0,2.0,28.0,334.0,12.0,359.0,26.0
2024-10-05T23:07:17.000-04:00,0,259.0,7380.0,1230.0,0.0,0.0,28.0,340.0,12.0,341.0,27.0
2024-10-05T23:17:08.000-04:00,0,257.0,7303.0,1230.0,0.0,0.0,28.0,335.0,12.0,327.0,26.0
2024-10-05T23:21:46.000-04:00,0,256.0,7219.0,1230.0,0.0,3.0,28.0,336.0,12.0,325.0,27.0
2024-10-05T23:23:22.000-04:00,0,256.0,7166.0,1230.0,0.0,0.0,28.0,337.0,12.0,327.0,26.0
2024-10-05T23:28:38.000-04:00,0,252.0,7265.0,1229.0,0.0,39.0,28.0,335.0,12.0,318.0,27.0
2024-10-05T23:35:10.000-04:00,0,255.0,7251.0,1229.0,0.0,1.0,28.0,332.0,12.0,317.0,26.0
2024-10-05T23:44:52.000-04:00,0,255.0,7160.0,1227.0,0.0,2.0,28.0,330.0,12.0,307.0,27.0
2024-10-05T23:52:43.000-04:00,0,255.0,7100.0,1228.0,0.0,0.0,28.0,331.0,12.0,285.0,26.0
2024-10-05T23:58:52.000-04:00,0,246.0,7052.0,1228.0,0.0,6.0,26.0,333.0,12.0,295.0,27.0
